Panel,Dataset,Target endpoint,Route,DOI,Raw / analysis records,Independent groups / grouping unit,Descriptors / feature mode,Target and missing-data handling,Evaluated split identifiers,Split design,Evaluation units,"Train rows, mean (min-max)","Test rows, mean (min-max)",Maximum train-test group overlap,Leakage control
A. Data provenance and preprocessing,SSE,,,10.26434/chemrxiv.15005550/v1,"867 / 846 or 867, target dependent","36 (Ea, ln(sigma_0)); 42 (ln(sigma_T))",26 numeric descriptors; name excluded,Final columns treated as row-level targets; Target-wise complete-case analysis,,,,,,,Group-disjoint outer split; grouped OOF second stage
A. Data provenance and preprocessing,ESTM,,,10.1038/s41524-022-00897-2,5214 / 5186,880 unique formulae in cleaned source profile,Composition descriptors and temperature,Seebeck in microvolt/K; conductivity targets modelled in log10 space; Complete benchmark rows retained,,,,,,,Fresh branches per outer seed/fold; OOF second stage
A. Data provenance and preprocessing,LMB,,,10.1016/j.ensm.2022.12.047,2158 / 2158,Cell/composition name,All 41 original descriptors; no RFE,Five target-route endpoints from two physical equations; Target-specific valid rows,,,,,,,Group-disjoint split by name; grouped OOF second stage
A. Data provenance and preprocessing,PV,,,10.1063/5.0177271,27178 / 27178,Sample rows under the paper-matched protocol,Paper-matched descriptor construction,"FF, J_SC, PCE and V_OC modelled separately; Complete paper-matched rows retained",,,,,,,Fresh branches per split; OOF second stage
B. Outer evaluation design,SSE,,,,,,,,14;483;655;752;2392,75:25 GroupShuffleSplit by material,5 seeds x 1 fold(s),,,,Training-only inner OOF/CV; OOF predictions only; Final evaluation only; true test auxiliaries used = False
B. Outer evaluation design,ESTM,,,,,,,,4;42;99;178;2024,Three-fold paper-interpolation evaluation,5 seeds x 3 fold(s),,,,Training-only inner OOF/CV; OOF predictions only; Final evaluation only; true test auxiliaries used = False
B. Outer evaluation design,LMB,,,,,,,,16;603;978;1254;1869,90:10 GroupShuffleSplit by name,5 seeds x 1 fold(s),,,,Training-only inner OOF/CV; OOF predictions only; Final evaluation only; true test auxiliaries used = False
B. Outer evaluation design,PV,,,,,,,,243;938;1025;1790;2024,70:30 paper-matched row holdout,5 seeds x 1 fold(s),,,,Training-only inner OOF/CV; OOF predictions only; Final evaluation only; true test auxiliaries used = False
C. Target-level sample statistics,SSE,Ea,,,846,material,26 original numeric descriptors; target-wise complete cases,,,,5,612.4 (514-665),233.6 (181-332),0.0,Held-out labels used for final evaluation only
C. Target-level sample statistics,SSE,ln_sigma0,,,846,material,26 original numeric descriptors; target-wise complete cases,,,,5,612.4 (514-665),233.6 (181-332),0.0,Held-out labels used for final evaluation only
C. Target-level sample statistics,SSE,ln_sigma_T,,,867,material,26 original numeric descriptors; target-wise complete cases,,,,5,617.4 (562-708),249.6 (159-305),0.0,Held-out labels used for final evaluation only
C. Target-level sample statistics,ESTM,Seebeck coefficient,,,5186,paper-interpolation fold,target-specific retained feature construction,,,,15,3457.3 (3457-3458),1728.7 (1728-1729),,Held-out labels used for final evaluation only
C. Target-level sample statistics,ESTM,ZT,,,5186,paper-interpolation fold,target-specific retained feature construction,,,,15,3457.3 (3457-3458),1728.7 (1728-1729),,Held-out labels used for final evaluation only
C. Target-level sample statistics,ESTM,log10 electrical conductivity,,,5186,paper-interpolation fold,target-specific retained feature construction,,,,15,3457.3 (3457-3458),1728.7 (1728-1729),,Held-out labels used for final evaluation only
C. Target-level sample statistics,ESTM,log10 thermal conductivity,,,5186,paper-interpolation fold,target-specific retained feature construction,,,,15,3457.3 (3457-3458),1728.7 (1728-1729),,Held-out labels used for final evaluation only
C. Target-level sample statistics,LMB,Energy Density(Wh/kg),DE-ED,,2158,name,all_41_features_no_rfe,,,,5,1767.8 (1409-2135),390.2 (23-749),0.0,Held-out labels used for final evaluation only
C. Target-level sample statistics,LMB,Discharge Energy(Wh),DE-DE,,2158,name,all_41_features_no_rfe,,,,5,1767.8 (1409-2135),390.2 (23-749),0.0,Held-out labels used for final evaluation only
C. Target-level sample statistics,LMB,Energy Density(Wh/kg),VC-ED,,2158,name,all_41_features_no_rfe,,,,5,1767.8 (1409-2135),390.2 (23-749),0.0,Held-out labels used for final evaluation only
C. Target-level sample statistics,LMB,Discharge capacity(Ah),VC-C,,2158,name,all_41_features_no_rfe,,,,5,1767.8 (1409-2135),390.2 (23-749),0.0,Held-out labels used for final evaluation only
C. Target-level sample statistics,LMB,Normal Discharge Voltage(V),VC-V,,2158,name,all_41_features_no_rfe,,,,5,1767.8 (1409-2135),390.2 (23-749),0.0,Held-out labels used for final evaluation only
C. Target-level sample statistics,PV,FF,,,27178,sample row,paper-matched,,,,5,19024.0 (19024-19024),8154.0 (8154-8154),,Held-out labels used for final evaluation only
C. Target-level sample statistics,PV,JSC (mA/cm2),,,27178,sample row,paper-matched,,,,5,19024.0 (19024-19024),8154.0 (8154-8154),,Held-out labels used for final evaluation only
C. Target-level sample statistics,PV,PCE_percent,,,27178,sample row,paper-matched,,,,5,19024.0 (19024-19024),8154.0 (8154-8154),,Held-out labels used for final evaluation only
C. Target-level sample statistics,PV,VOC (V),,,27178,sample row,paper-matched,,,,5,19024.0 (19024-19024),8154.0 (8154-8154),,Held-out labels used for final evaluation only
