"target_order","dataset","target_label","route_target","Direct","Physics-only","Residual-only","Ordinary stacking","PhysResStack","PhysicsGate"
"1","SSE","Ea","","4","3","2","6","5","1"
"2","SSE","ln_sigma0","","2","5","6","4","3","1"
"3","SSE","ln_sigma_T","","5","2","3","6","4","1"
"4","ESTM","Seebeck coefficient","","5","6","4","3","2","1"
"5","ESTM","ZT","","5","6","3","4","2","1"
"6","ESTM","log10 electrical conductivity","","5","6","4","3","2","1"
"7","ESTM","log10 thermal conductivity","","5","6","3","4","2","1"
"8","PV","FF","","5","6","2","3","4","1"
"9","PV","JSC (mA/cm2)","","2","6","5","4","3","1"
"10","PV","PCE_percent","","5","6","4","3","2","1"
"11","PV","VOC (V)","","3","6","2","5","4","1"
"12","LMB","Discharge Energy (ED*mass route)","DE-DE","5","4","2","6","3","1"
"13","LMB","Discharge Capacity (V*C/mass route)","VC-C","4","5","3","6","2","1"
"14","LMB","Energy Density (V*C/mass route)","VC-ED","3","6","2","5","4","1"
"15","LMB","Energy Density (DE/mass route)","DE-ED","2","6","4","5","3","1"
"16","LMB","Discharge Voltage (V*C/mass route)","VC-V","3","6","5","1","4","2"
