dataset,target_id,target_display,target_order,seed,n_test,mean_weight,median_weight,weight_q25,weight_q75,delta2_weighted_predicted_weight,delta2_weighted_oracle_weight,residual_win_fraction,spearman_weight_vs_residual_advantage
SSE,SSE | $\ln \sigma_T$,$\ln \sigma_T$,2,1244,296,0.43094903490856123,0.450477736793396,0.3889805674718117,0.5201702468085463,0.36456647656248087,0.30173415026067674,0.40540540540540543,-0.011689057738032064
SSE,SSE | $\ln \sigma_0$,$\ln \sigma_0$,1,1244,228,0.03451119348720709,0.0231436271625487,0.016063840993555928,0.03922439525154408,0.024701964339617938,0.22486983261936533,0.4605263157894737,0.348003667203832
SSE,SSE | $E_a$,$E_a$,0,1244,228,0.1190928351304454,0.1190198213297971,0.11847503375251192,0.11954617364620705,0.12044873793518476,0.15265853987792796,0.35526315789473684,-0.5243953279108101
SSE,SSE | $\ln \sigma_T$,$\ln \sigma_T$,2,127,215,0.9925020994462812,0.9931602753580994,0.9907443741539366,0.995730916534247,0.9882270171121893,0.5568773495964476,0.5906976744186047,-0.3056241885421126
SSE,SSE | $\ln \sigma_0$,$\ln \sigma_0$,1,127,259,0.5183394031310422,0.4962295270054181,0.20058803143985934,0.8555827900464826,0.3266011459202213,0.34593272034550626,0.3783783783783784,0.1478748743359448
SSE,SSE | $E_a$,$E_a$,0,127,259,0.10209594240608356,0.1021218842884495,0.1019985652022061,0.1021940816370823,0.10195397987853114,0.15445664556341218,0.3281853281853282,0.4888831944567234
SSE,SSE | $\ln \sigma_T$,$\ln \sigma_T$,2,14,159,0.18303655434430877,0.1327056190723657,0.0861046126052325,0.21683642861108998,0.31848031776511154,0.3043176581202573,0.4088050314465409,-0.18653869118700744
SSE,SSE | $\ln \sigma_0$,$\ln \sigma_0$,1,14,206,0.16981633137760246,0.10314797207901785,0.04000173002594158,0.2068553987947799,0.01192977808145204,0.17186302909899562,0.3932038834951456,0.4182719201611602
SSE,SSE | $E_a$,$E_a$,0,14,206,0.33985874932541577,0.2175184952190958,0.08881260107666988,0.5720819513621932,0.32233042976188786,0.2765025804520596,0.23786407766990292,-0.19689210568762505
SSE,SSE | $\ln \sigma_T$,$\ln \sigma_T$,2,1554,305,0.4725556543192151,0.442888998407556,0.2756449701734694,0.6788402453284794,0.3443526801474535,0.14805848599072616,0.20655737704918034,0.05380111393957687
SSE,SSE | $\ln \sigma_0$,$\ln \sigma_0$,1,1554,164,0.08574102108955123,0.07769639059385966,0.05419785409525785,0.10230623815581692,0.07228466120228402,0.2712010800526907,0.34146341463414637,0.33451386059690913
SSE,SSE | $E_a$,$E_a$,0,1554,164,0.03938841484035863,0.0141933141395852,0.007749771561125725,0.054458806381969455,0.10495187133062445,0.8088246785161006,0.6219512195121951,0.5785898559913885
SSE,SSE | $\ln \sigma_T$,$\ln \sigma_T$,2,16,264,0.563891915893236,0.587159380641205,0.537832618242834,0.6235873116377928,0.3967431549136908,0.29242905850541173,0.4962121212121212,0.020294921378212857
SSE,SSE | $\ln \sigma_0$,$\ln \sigma_0$,1,16,235,0.6482533283167571,0.9586276482682236,0.10122758715244959,0.9805410504310044,0.09766300535662294,0.12930167107093127,0.25957446808510637,0.737034776739068
SSE,SSE | $E_a$,$E_a$,0,16,235,0.22951089907933944,0.217064650197307,0.2054643072364768,0.2341326330255514,0.37560456230333067,0.48942334854380665,0.548936170212766,0.06771616410996144
SSE,SSE | $\ln \sigma_T$,$\ln \sigma_T$,2,178,131,0.137630753354014,0.1274475991187463,0.11104267703634679,0.1531701440799345,0.13255076534116772,0.07829793534538183,0.3969465648854962,0.06716489617252977
SSE,SSE | $\ln \sigma_0$,$\ln \sigma_0$,1,178,257,0.24890061655442888,0.1584893523416016,0.0900342938198478,0.3530616430228346,0.06284067546753408,0.07343841091712995,0.36964980544747084,0.5662213826803004
SSE,SSE | $E_a$,$E_a$,0,178,257,0.14430413585970878,0.1441795536997751,0.1440544051717865,0.1443818540441133,0.1452050460553753,0.5540080017067741,0.48638132295719844,0.12775851732874852
SSE,SSE | $\ln \sigma_T$,$\ln \sigma_T$,2,1789,241,0.026649579545020122,0.0248373196325601,0.0160725990313678,0.0329141545880576,0.04681700707221186,0.34539874897090683,0.4149377593360996,-0.10987594071096601
SSE,SSE | $\ln \sigma_0$,$\ln \sigma_0$,1,1789,213,0.04468877020560417,0.018243883574912,0.0135682685118671,0.0397214601282132,0.01144055685240655,0.33479481479566714,0.2347417840375587,0.25657223183928113
SSE,SSE | $E_a$,$E_a$,0,1789,213,0.010169505204790928,0.0101650489391228,0.0101401359783282,0.0102050676985498,0.010139918722876657,0.3343073882567854,0.4788732394366197,-0.02787719084742984
SSE,SSE | $\ln \sigma_T$,$\ln \sigma_T$,2,183,168,0.6745456545658413,0.6668172349724123,0.5569499219712972,0.7694784094308156,0.6588961518802661,0.8941582873005339,0.6904761904761905,-0.1990347285142311
SSE,SSE | $\ln \sigma_0$,$\ln \sigma_0$,1,183,94,0.20523758355818228,0.13467446404466799,0.0204271218040915,0.27675787516194467,0.013854217878550906,0.03523046055111613,0.5106382978723404,0.6049127623451215
SSE,SSE | $E_a$,$E_a$,0,183,94,0.4100350190182805,0.42706295343542167,0.12066686576892627,0.6556568064188917,0.09109457446786444,0.6409298827894755,0.5106382978723404,-0.2237691001697793
SSE,SSE | $\ln \sigma_T$,$\ln \sigma_T$,2,1868,159,0.17828113066417473,0.1800504303726924,0.17444756990215804,0.18815472628480315,0.1819078351407692,0.3656940809911302,0.27044025157232704,-0.3949217817052783
SSE,SSE | $\ln \sigma_0$,$\ln \sigma_0$,1,1868,242,0.2471394591680084,0.2536779314700507,0.2022230189784446,0.2971443080483132,0.15465932298799404,0.522329600100668,0.43388429752066116,0.05498338089813006
SSE,SSE | $E_a$,$E_a$,0,1868,242,0.02030092908036618,0.010206292491837299,0.00424958886297885,0.024820411083953824,0.046046390776715476,0.5134378537826151,0.4297520661157025,0.0014432433645309292
SSE,SSE | $\ln \sigma_T$,$\ln \sigma_T$,2,1969,219,0.8148171232507188,0.8791353034796876,0.7813221407001316,0.9113960706575119,0.613975274213053,0.3074626031278364,0.3105022831050228,0.20420300679936795
SSE,SSE | $\ln \sigma_0$,$\ln \sigma_0$,1,1969,229,0.21925651111647212,0.1273967641831715,0.0534610659272521,0.334835659966416,0.2764744341758389,0.43854018213312296,0.45414847161572053,0.22351150713442497
SSE,SSE | $E_a$,$E_a$,0,1969,229,0.11213746266417929,0.0836412357393323,0.0546494832705307,0.1369586843018369,0.24027392553992807,0.48244349687766347,0.33624454148471616,-0.13283146473304258
SSE,SSE | $\ln \sigma_T$,$\ln \sigma_T$,2,2024,201,0.36237084335195985,0.3760577413140188,0.207128609761996,0.5045095416038449,0.527863661034573,0.6837162317585977,0.582089552238806,0.08037830648736516
SSE,SSE | $\ln \sigma_0$,$\ln \sigma_0$,1,2024,177,0.38010509895429206,0.1899794113976899,0.0395806132526657,0.8317876099873609,0.09447900907437372,0.283067413962923,0.327683615819209,0.4460384169249148
SSE,SSE | $E_a$,$E_a$,0,2024,177,0.7237177321547066,0.8581875458991668,0.5885842062704837,0.9590085004236302,0.09428323605066381,0.569333802404006,0.6949152542372882,-0.1671802773497689
SSE,SSE | $\ln \sigma_T$,$\ln \sigma_T$,2,215,200,0.18476696374864837,0.1626149250920326,0.11603943074211555,0.213602177884489,0.3628741809919474,0.7889652715099102,0.405,0.03717842946073652
SSE,SSE | $\ln \sigma_0$,$\ln \sigma_0$,1,215,185,0.4656922611937495,0.4232924701442825,0.37985165479387,0.5112993029295438,0.6519005283213921,0.5088370517255252,0.42162162162162165,0.2780675486145332
SSE,SSE | $E_a$,$E_a$,0,215,185,0.976645379149947,0.976570559750046,0.9765409192396453,0.976695342603741,0.9769552817944209,0.44244151991319464,0.372972972972973,-0.21853038171411246
SSE,SSE | $\ln \sigma_T$,$\ln \sigma_T$,2,2262,248,0.8315954187682782,0.9383803538781403,0.8256157110954279,0.9583254055454635,0.4594907372442156,0.9290659119291784,0.6330645161290323,-0.5275978534436304
SSE,SSE | $\ln \sigma_0$,$\ln \sigma_0$,1,2262,302,0.014274756203874861,0.0129212159048175,0.011745527715409824,0.015749430350122502,0.01960941720168535,0.3430551232331532,0.4337748344370861,-0.2823554296641079
SSE,SSE | $E_a$,$E_a$,0,2262,302,0.6330955713026104,0.6332368286749281,0.6324515061775985,0.6337228064787058,0.6319684538647405,0.501626056985952,0.44039735099337746,-0.02324274362707222
SSE,SSE | $\ln \sigma_T$,$\ln \sigma_T$,2,230,134,0.8088453637479027,0.8449030767147592,0.7112078958928434,0.928806095360686,0.7822175361069547,0.16976769796621513,0.44029850746268656,0.36428633773488445
SSE,SSE | $\ln \sigma_0$,$\ln \sigma_0$,1,230,162,0.25690772818367424,0.23175960355616415,0.16040086065949677,0.3489588480054665,0.15010660038836585,0.7522692633541338,0.5925925925925926,-0.3663184962198032
SSE,SSE | $E_a$,$E_a$,0,230,162,0.7322994432188973,0.7437082643846861,0.5838860268602839,0.9254647941931549,0.9361136131781751,0.6533047852507013,0.5617283950617284,0.194773632757095
SSE,SSE | $\ln \sigma_T$,$\ln \sigma_T$,2,2352,214,0.3493185234794204,0.1519649134321695,0.0071858900196568,0.7548203739793076,0.7582905067611899,0.2951633890843614,0.2850467289719626,-0.33762592945195624
SSE,SSE | $\ln \sigma_0$,$\ln \sigma_0$,1,2352,149,0.7728056555942396,0.9376667684783998,0.5902774325612824,0.986137142182032,0.46673191891807925,0.43298040873869514,0.5302013422818792,0.19769868500245955
SSE,SSE | $E_a$,$E_a$,0,2352,149,0.0896702302405221,0.0799635475725482,0.0623159268213657,0.1075191980084572,0.11535810170207816,0.43207344255152497,0.3959731543624161,0.03374243144333588
SSE,SSE | $\ln \sigma_T$,$\ln \sigma_T$,2,2368,180,0.3746926278393339,0.3352439469697496,0.06188815721437513,0.6630894199331578,0.6491288185762953,0.6450703661539486,0.3333333333333333,-0.23289401936273754
SSE,SSE | $\ln \sigma_0$,$\ln \sigma_0$,1,2368,299,0.3308841699514293,0.3351245993606631,0.2983829504919382,0.378086459777093,0.29624429857832274,0.6186024094144408,0.6020066889632107,0.05401090884604162
SSE,SSE | $E_a$,$E_a$,0,2368,299,0.23868896135524872,0.2098799934979891,0.0526095790397587,0.3786041860921536,0.059590784726605006,0.8414001334749313,0.6321070234113713,-0.6080007182779287
SSE,SSE | $\ln \sigma_T$,$\ln \sigma_T$,2,2392,305,0.7547604678864033,0.8131400144135369,0.7061252430912384,0.8983129641929999,0.6805723639476068,0.5438121291170418,0.5967213114754099,0.05354556835676462
SSE,SSE | $\ln \sigma_0$,$\ln \sigma_0$,1,2392,235,0.055746527918166956,0.054579166955183,0.052145624795336645,0.058480827773255695,0.06106738676922981,0.3467325075613592,0.49361702127659574,-0.24613350347212593
SSE,SSE | $E_a$,$E_a$,0,2392,235,0.6949933386378842,0.6950486353071645,0.6948603973808833,0.6951328336631333,0.6948809337995403,0.9024639655961249,0.6680851063829787,-0.4886423109286433
SSE,SSE | $\ln \sigma_T$,$\ln \sigma_T$,2,244,403,0.31163357585922774,0.2582779538487483,0.1895833321750357,0.3447354733211839,0.6141679253160259,0.7218780018301456,0.5359801488833746,0.16607177332547182
SSE,SSE | $\ln \sigma_0$,$\ln \sigma_0$,1,244,250,0.3069531988950673,0.24453465392601706,0.08860177976304118,0.44884585302498387,0.16416317859899296,0.3058350026191497,0.428,0.32542413104478174
SSE,SSE | $E_a$,$E_a$,0,244,250,0.03582289137465258,0.0015313115059229498,0.000548261072017375,0.011976675513223,0.16613505655679234,0.6667573180585169,0.58,0.31519539437155325
SSE,SSE | $\ln \sigma_T$,$\ln \sigma_T$,2,2466,298,0.8990537922557967,0.9753488394703305,0.9480437062680759,0.9892746623364199,0.39104276524852805,0.10679466946652331,0.2348993288590604,0.5413759148804378
SSE,SSE | $\ln \sigma_0$,$\ln \sigma_0$,1,2466,177,0.15932598040465196,0.0964258973181612,0.0403907167860847,0.2691975205703595,0.044815291060470275,0.4162770655545493,0.5423728813559322,0.1459397344228805
SSE,SSE | $E_a$,$E_a$,0,2466,177,0.7964431781120737,0.7964664006122029,0.7962608392758704,0.7966276517817898,0.7962396657929671,0.7842224100907134,0.4971751412429379,-0.471265213552397
SSE,SSE | $\ln \sigma_T$,$\ln \sigma_T$,2,2600,212,0.2524753001334448,0.2773069294211603,0.10377233116893232,0.34884796560277986,0.39747494932432836,0.14364758918848,0.38207547169811323,0.4158865380425268
SSE,SSE | $\ln \sigma_0$,$\ln \sigma_0$,1,2600,284,0.6525682474568819,0.6875404307103232,0.5315685501689484,0.7976584849873888,0.4824855759083895,0.5046895078873795,0.47183098591549294,0.040424656924249604
SSE,SSE | $E_a$,$E_a$,0,2600,284,0.8646495466873004,0.8646433059930462,0.8644860835155599,0.8647427569037811,0.8649116303008424,0.5968759527442952,0.5563380281690141,0.32118072017749044
SSE,SSE | $\ln \sigma_T$,$\ln \sigma_T$,2,2611,209,0.5232771420368045,0.4825307066410336,0.3494199648190718,0.6990242239582698,0.4673763090120027,0.6732480364768465,0.6076555023923444,-0.11510705783854194
SSE,SSE | $\ln \sigma_0$,$\ln \sigma_0$,1,2611,239,0.12017816943272153,0.0225130709092612,0.0088189297713339,0.09773965997785095,0.37410658489535575,0.12421532425562695,0.37656903765690375,-0.5290786188952569
SSE,SSE | $E_a$,$E_a$,0,2611,239,0.10524666254577106,0.0792838562155328,0.015631755339345,0.18928934190537375,0.17588768777804406,0.5224530542621509,0.5355648535564853,0.1875663654583172
SSE,SSE | $\ln \sigma_T$,$\ln \sigma_T$,2,2692,196,0.02096662407829014,0.00739161952134565,0.004822875219626875,0.012177953239729325,0.21231710622959174,0.7009273595456766,0.4336734693877551,0.3691223931978102
SSE,SSE | $\ln \sigma_0$,$\ln \sigma_0$,1,2692,339,0.09220651132515942,0.0958690571567087,0.08968417240536605,0.09930502549385334,0.05715449487220936,0.44681029876141504,0.49557522123893805,0.024162403087642344
SSE,SSE | $E_a$,$E_a$,0,2692,339,0.1601959592438511,0.1603341483867794,0.16022597986724268,0.16042937043126715,0.15764081231493982,0.3314232931912313,0.6224188790560472,-0.0019399412904398288
SSE,SSE | $\ln \sigma_T$,$\ln \sigma_T$,2,2804,252,0.20203488712362838,0.18818086239925563,0.16566889208943003,0.23670767210399785,0.20131596580313915,0.24984219827207843,0.31746031746031744,-0.07465714030758203
SSE,SSE | $\ln \sigma_0$,$\ln \sigma_0$,1,2804,159,0.16543082314526797,0.1489158908140329,0.12687669218949682,0.1877752262380997,0.12662441625576298,0.3524744722213578,0.6666666666666666,-0.11665870551707666
SSE,SSE | $E_a$,$E_a$,0,2804,159,0.24976616120133857,0.1829121779351217,0.09331752043962249,0.39917301299909935,0.19122387619357759,0.5291393676913859,0.5911949685534591,0.13695665154048245
SSE,SSE | $\ln \sigma_T$,$\ln \sigma_T$,2,2869,296,0.43767381685978257,0.4701715371564408,0.203245369636196,0.6536686463206802,0.3647745709342124,0.5298112503581782,0.46621621621621623,0.08172252326203455
SSE,SSE | $\ln \sigma_0$,$\ln \sigma_0$,1,2869,188,0.09684589099713298,0.0860092261322728,0.0673127339968105,0.11194583851976808,0.15396675345585134,0.32634335372485235,0.39361702127659576,0.2220248643793956
SSE,SSE | $E_a$,$E_a$,0,2869,188,0.32057254035663796,0.17888171719907645,0.04035753742869602,0.6052737854733232,0.44334971113128774,0.32435711131153877,0.4521276595744681,0.35610001011428766
SSE,SSE | $\ln \sigma_T$,$\ln \sigma_T$,2,296,362,0.6179148409116658,0.6348606612562011,0.5045332486673308,0.8093899395161062,0.7882226579562327,0.45957594017521264,0.4143646408839779,-0.04818851793534264
SSE,SSE | $\ln \sigma_0$,$\ln \sigma_0$,1,296,330,0.06663501454679363,0.02550094536700415,0.010403439111599674,0.0425791705737738,0.023018322753444606,0.30293704516090725,0.5636363636363636,-0.03433256336772438
SSE,SSE | $E_a$,$E_a$,0,296,330,0.7159728397270739,0.7252866001986509,0.6966284134105295,0.737803729553722,0.6814619420160644,0.3470449913460814,0.24545454545454545,0.4372443523565205
SSE,SSE | $\ln \sigma_T$,$\ln \sigma_T$,2,2972,248,0.5082610095790351,0.4892027286584628,0.44587189866099597,0.5309082181735255,0.5679992449924288,0.20091628959756577,0.31451612903225806,0.019855514010985002
SSE,SSE | $\ln \sigma_0$,$\ln \sigma_0$,1,2972,185,0.35208004925906394,0.3279226115832955,0.2596689559872313,0.4280489975232021,0.25807150710927335,0.4331396650063762,0.4,0.21400666298049498
SSE,SSE | $E_a$,$E_a$,0,2972,185,0.737967901971472,0.7380773028916856,0.7376532793962708,0.7383412460010788,0.7373171586787395,0.6066740208315466,0.572972972972973,-0.3378247563220464
SSE,SSE | $\ln \sigma_T$,$\ln \sigma_T$,2,338,225,0.8271515642124738,0.9422593881215926,0.8164546731664161,0.97044615646817,0.528217724286516,0.4534819776299648,0.4622222222222222,0.12713969658659927
SSE,SSE | $\ln \sigma_0$,$\ln \sigma_0$,1,338,193,0.6811565205371048,0.7837154176516584,0.5141528690833889,0.901214884162769,0.4583290550994691,0.3232529546389149,0.41450777202072536,0.3613238475508787
SSE,SSE | $E_a$,$E_a$,0,338,193,0.1746636242064541,0.174662769910723,0.1742902530838701,0.1751723740737769,0.17479076611290179,0.7361812656295822,0.5077720207253886,-0.2768515303669675
SSE,SSE | $\ln \sigma_T$,$\ln \sigma_T$,2,374,391,0.3736246510962216,0.3775603775077349,0.33316039178516604,0.4566918376358382,0.3812143448244398,0.34875314430192794,0.2557544757033248,0.2939177008596081
SSE,SSE | $\ln \sigma_0$,$\ln \sigma_0$,1,374,216,0.12704350579995202,0.021054685702326797,0.009000232282874526,0.10767224662122266,0.5893475972033947,0.1121288010050135,0.2916666666666667,-0.5394086616892317
SSE,SSE | $E_a$,$E_a$,0,374,216,0.054084809920863126,0.05430539070979365,0.05377798179520722,0.054446147035255146,0.052961741737181205,0.5063638840686528,0.7314814814814815,-0.3977291942033127
SSE,SSE | $\ln \sigma_T$,$\ln \sigma_T$,2,4,361,0.18619319502552448,0.1689945855488707,0.1204456314631429,0.2365505317568798,0.20850848002305325,0.48723010025937796,0.3878116343490305,-0.024732811965942764
SSE,SSE | $\ln \sigma_0$,$\ln \sigma_0$,1,4,182,0.21218618230761524,0.24608152285818874,0.20437649072628522,0.2575448670859218,0.040502407394312594,0.03050039461157328,0.5384615384615384,0.3429564729265844
SSE,SSE | $E_a$,$E_a$,0,4,182,0.10811032554844564,0.1083958283043503,0.1079205383342502,0.10847192301083336,0.10686336555486438,0.5615847868715381,0.5384615384615384,0.15012077859646014
SSE,SSE | $\ln \sigma_T$,$\ln \sigma_T$,2,413,95,0.020887690264608735,0.0146533562193526,0.0118774337681446,0.0249941333269387,0.048808703876390226,0.1460062807799456,0.4421052631578947,-0.2282718628842818
SSE,SSE | $\ln \sigma_0$,$\ln \sigma_0$,1,413,166,0.19568671995106204,0.1943951891258442,0.11669583934604175,0.27822575073975436,0.08792208471125622,0.39537994141201993,0.42771084337349397,0.3497442442669149
SSE,SSE | $E_a$,$E_a$,0,413,166,0.051225634353801924,0.0512194180752015,0.051173402204371776,0.05126595384477173,0.05128435152683894,0.8017775141845711,0.7048192771084337,0.05531725668597056
SSE,SSE | $\ln \sigma_T$,$\ln \sigma_T$,2,42,447,0.8511619893997814,0.9137738989070469,0.8354752552755949,0.9412315307412062,0.49532174411316576,0.5711294433314854,0.4519015659955257,0.1339355580014532
SSE,SSE | $\ln \sigma_0$,$\ln \sigma_0$,1,42,226,0.003443552512291536,0.0026389536561179996,0.002117603717039325,0.00471361833628775,0.002466981360992461,0.24973898640063985,0.3185840707964602,0.5431237248710252
SSE,SSE | $E_a$,$E_a$,0,42,226,0.7101835971845729,0.7101521437063056,0.7100812086955324,0.7102853082031441,0.7102033851041203,0.6798487960767959,0.5973451327433629,0.35750289137525504
SSE,SSE | $\ln \sigma_T$,$\ln \sigma_T$,2,476,179,0.9227687593140219,0.9478448944353096,0.906408353920853,0.9637559802189624,0.5164017184894975,0.32422338315919674,0.2905027932960894,-0.4212742028759273
SSE,SSE | $\ln \sigma_0$,$\ln \sigma_0$,1,476,173,0.09566500690131713,0.0452859579701109,0.0237527420091435,0.1127064377020589,0.09439524645761013,0.27088583414338324,0.4277456647398844,0.6105508348142158
SSE,SSE | $E_a$,$E_a$,0,476,173,0.3215822310896728,0.3218164178900575,0.3208044153403412,0.3222527429305215,0.3222144725920359,0.7129932085093038,0.6069364161849711,0.524958643208284
SSE,SSE | $\ln \sigma_T$,$\ln \sigma_T$,2,483,257,0.9639148187342498,0.9629819325709298,0.961520848933067,0.9650793181607004,0.9721685820300433,0.7155084447167359,0.4785992217898833,-0.033786535155189576
SSE,SSE | $\ln \sigma_0$,$\ln \sigma_0$,1,483,332,0.046389913636938444,0.03547606100867465,0.024531081777598322,0.06330877647833524,0.020338746744202222,0.09674701373437372,0.3072289156626506,0.664472538639903
SSE,SSE | $E_a$,$E_a$,0,483,332,0.8664615914135495,0.8861451571858889,0.8146707853477608,0.9292256279346385,0.8511818376479695,0.47263474652793225,0.5873493975903614,0.36095750684619754
SSE,SSE | $\ln \sigma_T$,$\ln \sigma_T$,2,488,189,0.1574735332454804,0.1556900945958477,0.1235028010033821,0.1825987896126648,0.12303113134189882,0.8679493429638326,0.4021164021164021,-0.24135871593878314
SSE,SSE | $\ln \sigma_0$,$\ln \sigma_0$,1,488,186,0.3844839450563483,0.39406551487007274,0.3178964969422285,0.47653377800723523,0.1609432382198063,0.23088042150368063,0.510752688172043,0.43764948319028013
SSE,SSE | $E_a$,$E_a$,0,488,186,0.4449887277985398,0.44419934937422056,0.44343972527131664,0.44723338423388825,0.4474399350450863,0.9930052527024131,0.8172043010752689,0.8297068847353476
SSE,SSE | $\ln \sigma_T$,$\ln \sigma_T$,2,566,150,0.377051791910452,0.29803995315890774,0.060915575455304974,0.6039352619569321,0.14158828730709366,0.649306587259229,0.47333333333333333,0.07063602826792302
SSE,SSE | $\ln \sigma_0$,$\ln \sigma_0$,1,566,273,0.5210529833003316,0.5647842916657397,0.4587525641446313,0.6178234193401678,0.28514058868539255,0.33098421681410184,0.4542124542124542,0.23926754868146027
SSE,SSE | $E_a$,$E_a$,0,566,273,0.14299668369490787,0.1432295329746699,0.1426515929159313,0.1433714877655697,0.1421236298439926,0.26783362713407516,0.5714285714285714,0.40598179193069706
SSE,SSE | $\ln \sigma_T$,$\ln \sigma_T$,2,57,258,0.8803206041405206,0.9323797422068033,0.8614095073079785,0.9813877965157143,0.9703660721859312,0.2027441977877986,0.313953488372093,-0.5769498314064417
SSE,SSE | $\ln \sigma_0$,$\ln \sigma_0$,1,57,163,0.7728804346709437,0.8323817692410971,0.7273887233939054,0.8866752385868495,0.5643458190779488,0.625350640264503,0.6134969325153374,-0.044617478862456636
SSE,SSE | $E_a$,$E_a$,0,57,163,0.27626762096147195,0.1692508285168561,0.10572235735025134,0.30526442989863056,0.8860578551543141,0.6259532033032686,0.44171779141104295,0.02770736708665055
SSE,SSE | $\ln \sigma_T$,$\ln \sigma_T$,2,639,222,0.8583710994598333,0.8643426013318884,0.7906753683146344,0.9763847284907998,0.7912077461613408,0.4289659616969878,0.46846846846846846,0.3325103607351036
SSE,SSE | $\ln \sigma_0$,$\ln \sigma_0$,1,639,174,0.27558234064387954,0.25446121918570486,0.1943380009512092,0.32258517055499836,0.24039504644465373,0.10260338993015092,0.5,0.45565234426639967
SSE,SSE | $E_a$,$E_a$,0,639,174,0.025050558370443485,0.0251240252116415,0.024955850109993575,0.0251727728055288,0.024793726978581124,0.6189307842460101,0.6666666666666666,-0.273153669084742
SSE,SSE | $\ln \sigma_T$,$\ln \sigma_T$,2,655,283,0.7138659510334876,0.7050780655288441,0.665282956175264,0.7474833539219709,0.8008937785454808,0.5622901531818013,0.6219081272084805,0.11854504214974834
SSE,SSE | $\ln \sigma_0$,$\ln \sigma_0$,1,655,214,0.2562725107808977,0.1543506664079419,0.10639030005156162,0.3180721269761371,0.2900290981093352,0.5904072708862776,0.5560747663551402,0.33206192162757026
SSE,SSE | $E_a$,$E_a$,0,655,214,0.3620651465714967,0.36205046439588534,0.36163101386142305,0.3624277261483061,0.36248713881666283,0.5386951719839743,0.5514018691588785,0.06874745539089787
SSE,SSE | $\ln \sigma_T$,$\ln \sigma_T$,2,717,241,0.8521405205399402,0.9503250383027798,0.8519852938090962,0.9946611687653686,0.8410927345554338,0.48763028177404255,0.42323651452282157,-0.006972939618945935
SSE,SSE | $\ln \sigma_0$,$\ln \sigma_0$,1,717,183,0.4773051518663544,0.4785476052815426,0.41628427477707597,0.5327663921328563,0.45271447244142976,0.551986123041367,0.6502732240437158,0.19420938595650294
SSE,SSE | $E_a$,$E_a$,0,717,183,0.5589280381614131,0.5589480768349535,0.5588937150789793,0.5589810946431117,0.5588920977305574,0.7793937411812527,0.6229508196721312,-0.4081546734683793
SSE,SSE | $\ln \sigma_T$,$\ln \sigma_T$,2,752,244,0.2537350224168676,0.24124647655978665,0.14387285228127533,0.3741081176177484,0.2540333139958652,0.5009000225847673,0.5573770491803278,0.31437983977435713
SSE,SSE | $\ln \sigma_0$,$\ln \sigma_0$,1,752,181,0.3102811817060393,0.2165522550453576,0.0702286259254521,0.4565829875560572,0.26596317220948756,0.3661021359380165,0.44751381215469616,0.5001983295802621
SSE,SSE | $E_a$,$E_a$,0,752,181,0.5627651607849815,0.5602776469959818,0.5543649304025738,0.5698403559569191,0.5649288092407768,0.6975325320120231,0.6408839779005525,0.5038917120507681
SSE,SSE | $\ln \sigma_T$,$\ln \sigma_T$,2,769,141,0.053466197064104784,0.0524378241650442,0.0504940329570391,0.0543572046342008,0.05430191049867532,0.3792403409873269,0.3191489361702128,0.13673958645489961
SSE,SSE | $\ln \sigma_0$,$\ln \sigma_0$,1,769,206,0.1457652357801792,0.10508072873926244,0.02756840990862015,0.2321172615445226,0.005383769299012029,0.04299976301140777,0.3300970873786408,0.46242900335292925
SSE,SSE | $E_a$,$E_a$,0,769,206,0.19550528743543483,0.13519965247361646,0.027191570967954826,0.2814137639621791,0.5660730510991692,0.44043818667661183,0.5145631067961165,-0.13737400776287206
SSE,SSE | $\ln \sigma_T$,$\ln \sigma_T$,2,798,380,0.17283080693103167,0.1652303340213897,0.13574168061703176,0.19100442869170117,0.16746264443161293,0.4333696615401437,0.3368421052631579,-0.14509402128094634
SSE,SSE | $\ln \sigma_0$,$\ln \sigma_0$,1,798,240,0.6079501030922457,0.6907829496129041,0.5068339310399748,0.7274012420081971,0.4134538940845797,0.5049532227821308,0.525,0.24988541467733807
SSE,SSE | $E_a$,$E_a$,0,798,240,0.10268912751567096,0.1028678855022164,0.10240684763699992,0.10308929524161287,0.10200276898206982,0.5275276413710217,0.6416666666666667,0.0009531415475963123
SSE,SSE | $\ln \sigma_T$,$\ln \sigma_T$,2,809,130,0.03286717124447699,0.02362579070387765,0.0108815757237436,0.039718526195678824,0.015335749072270125,0.4353745261785612,0.3769230769230769,0.039784784716437475
SSE,SSE | $\ln \sigma_0$,$\ln \sigma_0$,1,809,129,0.2181563861335661,0.1669358311911977,0.0976444129170256,0.2981103373826683,0.23571892691175877,0.1772222344240013,0.4186046511627907,0.3604539355992845
SSE,SSE | $E_a$,$E_a$,0,809,129,0.8541137030531395,0.9336015825224838,0.8208815740062169,0.9826043765260312,0.6822492088104856,0.7072099318827847,0.5813953488372093,-0.1789523703041145
SSE,SSE | $\ln \sigma_T$,$\ln \sigma_T$,2,828,234,0.08325730812412052,0.05809154398034705,0.040562280912470924,0.08612881180199444,0.17806503292036288,0.45028699594464333,0.46153846153846156,-0.0681895342656917
SSE,SSE | $\ln \sigma_0$,$\ln \sigma_0$,1,828,257,0.2866860658451941,0.2152180570395263,0.1836252975645955,0.3050895935976598,0.7874033907479131,0.051782132799971355,0.33073929961089493,-0.6370952006605737
SSE,SSE | $E_a$,$E_a$,0,828,257,0.11353929572611449,0.0165263523288816,0.0013865951099373,0.1422198809706652,0.4480069156867071,0.5085992184943663,0.42412451361867703,-0.1062495758302416
SSE,SSE | $\ln \sigma_T$,$\ln \sigma_T$,2,845,239,0.5070923077512903,0.5361614183585846,0.41519003017369793,0.6156139473949178,0.3720549807560386,0.23406204755605825,0.20502092050209206,0.14571657114728734
SSE,SSE | $\ln \sigma_0$,$\ln \sigma_0$,1,845,210,0.36689517184754267,0.33812346106199154,0.0887833373690854,0.5881061381948385,0.10365000245976463,0.3052007889355423,0.4380952380952381,0.49789078469547415
SSE,SSE | $E_a$,$E_a$,0,845,210,0.4503703578461967,0.4519002307869992,0.43299735155885805,0.46608033030065027,0.47468522444540245,0.4443575513699874,0.41904761904761906,-0.10985995795175142
SSE,SSE | $\ln \sigma_T$,$\ln \sigma_T$,2,914,261,0.11404307432873206,0.0669214974043359,0.0188269381443849,0.1854665208829652,0.34506446269662394,0.2877942672235867,0.3946360153256705,0.18178805488623861
SSE,SSE | $\ln \sigma_0$,$\ln \sigma_0$,1,914,188,0.10078240046299095,0.099172049858488,0.08311334660976508,0.12138890769655669,0.08083797631358017,0.3601751485010918,0.3617021276595745,0.1010278966992674
SSE,SSE | $E_a$,$E_a$,0,914,188,0.5021706508706649,0.5021843099324328,0.5018600014747885,0.5025263452429584,0.5024971778576337,0.5760966984084109,0.4787234042553192,0.12535223032183485
SSE,SSE | $\ln \sigma_T$,$\ln \sigma_T$,2,957,173,0.16639472954556703,0.0869641266041586,0.0287286406010851,0.2479869539351065,0.6626595010425887,0.35877274730536335,0.23121387283236994,-0.3364908149500999
SSE,SSE | $\ln \sigma_0$,$\ln \sigma_0$,1,957,245,0.11167510153761778,0.109315254216251,0.0846691639163726,0.1339545469110002,0.043129467679812246,0.2735974166334176,0.3510204081632653,0.5143354902936785
SSE,SSE | $E_a$,$E_a$,0,957,245,0.3172047592239936,0.3167291976092343,0.3157245683960156,0.3180292156278745,0.3206463340590066,0.6679382632889372,0.6693877551020408,0.41484712237553967
SSE,SSE | $\ln \sigma_T$,$\ln \sigma_T$,2,978,210,0.484046097113133,0.4957986439307722,0.47716511347361545,0.513907372383855,0.38027497819922346,0.40210887861976785,0.3952380952380952,-0.0535972171560335
SSE,SSE | $\ln \sigma_0$,$\ln \sigma_0$,1,978,125,0.07749264095915975,0.0652371052490198,0.0355892781346752,0.1107446898753098,0.0064747718410321725,0.23526371000225849,0.48,0.061319196850972264
SSE,SSE | $E_a$,$E_a$,0,978,125,0.05735367928495516,0.0077966128193863,0.0051660184814465,0.0131776650087794,0.5390987355916727,0.19507177055023076,0.376,-0.45459042130152805
SSE,SSE | $\ln \sigma_T$,$\ln \sigma_T$,2,99,237,0.2501046009087311,0.2065714801458807,0.1850842698539419,0.247301537100375,0.4549801486534866,0.7610605352674334,0.5527426160337553,0.3960262070930067
SSE,SSE | $\ln \sigma_0$,$\ln \sigma_0$,1,99,308,0.061624961693588574,0.057630138676023054,0.051828046531393876,0.06461207879701229,0.07206922749451919,0.48381076237411813,0.39935064935064934,0.3122522144374711
SSE,SSE | $E_a$,$E_a$,0,99,308,0.09044992140753742,0.0753879916824263,0.0367571508246906,0.12147468989280015,0.11179112629675049,0.8151608082822142,0.7402597402597403,0.04179698104621415
SSE,SSE | $\ln \sigma_T$,$\ln \sigma_T$,2,991,190,0.16823522622617387,0.13989029334943665,0.07703783455954161,0.20976801133174144,0.09964452724141314,0.7019143020805829,0.4789473684210526,-0.027714137000441768
SSE,SSE | $\ln \sigma_0$,$\ln \sigma_0$,1,991,168,0.7425396012292859,0.8602958586416751,0.5231345053949523,0.9714012364785163,0.6934551217936873,0.4031764898269192,0.47619047619047616,0.47482296607123886
SSE,SSE | $E_a$,$E_a$,0,991,168,0.5123711133514267,0.5123686841971096,0.5118786890886646,0.5127746534126756,0.5128519148003745,0.498180610230938,0.44047619047619047,0.18071886657791775
LMB,LMB | Energy density (VC route),Energy density (VC route),5,1012,326,0.008911153263313602,0.00897801642465345,0.008967168661995125,0.00898849127905315,0.008896089579841771,0.7356721006001575,0.7024539877300614,-0.13411874406833998
LMB,LMB | Discharge voltage,Discharge voltage,7,1012,326,0.00013645233588177575,0.0001364523354111,0.0001364523353462,0.00013645233632755,0.00013645233616721872,0.04324813879028478,0.02147239263803681,0.6394006708691594
LMB,LMB | Discharge capacity,Discharge capacity,4,1012,326,0.9861493078874655,0.9861335575479404,0.9861317730628251,0.9861352409429729,0.9855593069316346,0.8023634123630016,0.018404907975460124,0.9142980152930973
LMB,LMB | Energy density (DE route),Energy density (DE route),6,1012,326,0.0229734842686476,0.023253698312144,0.0228547160439774,0.023289297145666802,0.023033255289999045,0.7703671783598804,0.745398773006135,0.026506076706265442
LMB,LMB | Discharge energy,Discharge energy,3,1012,326,0.26646411094541905,0.2696031745952516,0.26929067653956607,0.27394331005233197,0.3119906278135917,0.45967292138895033,0.15644171779141106,-0.031804725035566354
LMB,LMB | Energy density (VC route),Energy density (VC route),5,1243,328,0.7171950902653779,0.7143273550726945,0.699539115648065,0.7259559470295389,0.7357171368417829,0.4550708093321571,0.4481707317073171,0.20250801091516543
LMB,LMB | Discharge voltage,Discharge voltage,7,1243,328,0.0014469204833699198,0.00144692055285105,0.0014469204727726248,0.0014469205888354,0.001446919982982284,0.322895417737927,0.4054878048780488,0.600762957642278
LMB,LMB | Discharge capacity,Discharge capacity,4,1243,328,0.9924871452783964,0.992482401794962,0.9924818327549453,0.9924829181240054,0.9932595203551345,0.7674108792612307,0.2347560975609756,-0.4906191234823784
LMB,LMB | Energy density (DE route),Energy density (DE route),6,1243,328,0.9971095794846088,0.9996240014250541,0.9992297387062952,0.9996509025454059,0.9714617281325882,0.5257201286984774,0.2682926829268293,-0.5020681906735242
LMB,LMB | Discharge energy,Discharge energy,3,1243,328,0.018974371203018172,0.018535486022901802,0.0185309659150811,0.018549467209772352,0.10608649307025234,0.9223710352039232,0.03048780487804878,-0.5202134928430909
LMB,LMB | Energy density (VC route),Energy density (VC route),5,1244,393,0.11322977228307263,0.1133788937379256,0.1128317581551231,0.1141565937956217,0.10979201831044864,0.6941832159813919,0.4529262086513995,-0.4357417567929382
LMB,LMB | Discharge voltage,Discharge voltage,7,1244,393,0.08366105091575868,0.0772112246742485,0.0258282774953503,0.1265441873431686,0.02610323594235166,0.21205904665751132,0.3893129770992366,0.4014825082142625
LMB,LMB | Discharge capacity,Discharge capacity,4,1244,393,0.9719789301195668,0.9719781577434878,0.9719780146850904,0.9719797396875844,0.9719812828596971,0.5038910667024431,0.4223918575063613,-0.07054771683250641
LMB,LMB | Energy density (DE route),Energy density (DE route),6,1244,393,0.014805686785857444,0.0154028756213206,0.0143459244403269,0.0154166240378906,0.014650526549581433,0.9145947047569628,0.8625954198473282,-0.11651455349265023
LMB,LMB | Discharge energy,Discharge energy,3,1244,393,0.9221751446277033,0.9221805853164292,0.9221616334155278,0.9222045866693024,0.9220834253394237,0.818526436803701,0.8829516539440203,-0.31949240685877683
LMB,LMB | Energy density (VC route),Energy density (VC route),5,1254,749,0.32901605905683995,0.3265986091083181,0.3264484373945805,0.3291294725457067,0.33269694314144027,0.3130555338827073,0.43524699599465955,0.04116168348988156
LMB,LMB | Discharge voltage,Discharge voltage,7,1254,749,0.006709774857893594,0.0067041163873103,0.0067015332484106,0.0068001805959406,0.006535810957460102,0.8039521666700211,0.8998664886515354,-0.5178681558081566
LMB,LMB | Discharge capacity,Discharge capacity,4,1254,749,0.9671004698476309,0.9671010740682936,0.9670996610457993,0.9671012584521456,0.967099733187929,0.2134280622364415,0.08945260347129506,-0.011119536408001382
LMB,LMB | Energy density (DE route),Energy density (DE route),6,1254,749,0.03286189136912433,0.0328166102995819,0.0326539174766473,0.0330143678710713,0.035496872946258126,0.1767946112792001,0.16688918558077437,-0.7051918765454076
LMB,LMB | Discharge energy,Discharge energy,3,1254,749,0.9970545617896233,0.997054538420999,0.9970545145752308,0.997054546392506,0.9970545403855046,0.0259936595188164,0.0,0.4182709666898273
LMB,LMB | Energy density (VC route),Energy density (VC route),5,127,275,0.0006849862271755186,0.0006765687386196,0.00067243245588955,0.0007054315189576499,0.0007045552517410205,0.924101020491249,0.6836363636363636,0.6294854615129565
LMB,LMB | Discharge voltage,Discharge voltage,7,127,275,0.021560390941299513,0.021560391078679,0.021560388235701902,0.0215603925233415,0.021560393724121107,0.39117765433735463,0.3890909090909091,-0.16576468967635158
LMB,LMB | Discharge capacity,Discharge capacity,4,127,275,7.356551759076596e-05,0.0001094586968147,6.838551930046339e-06,0.00010968939013095,7.079492591818671e-06,0.04217711823727814,0.06545454545454546,0.6952329225874159
LMB,LMB | Energy density (DE route),Energy density (DE route),6,127,275,0.000793129887653228,0.0007909318035816,0.0007904693615032,0.0007981023227003,0.0007981646223892378,0.3243090277604036,0.36,0.07016700019070254
LMB,LMB | Discharge energy,Discharge energy,3,127,275,0.9158363104593836,0.9157909335352392,0.9157909038691956,0.9159235601458765,0.9159260792826606,0.7127803259921806,0.6072727272727273,0.11130551752722527
LMB,LMB | Energy density (VC route),Energy density (VC route),5,14,651,0.000420789893787811,0.0004203601446784,0.00042033134340684996,0.00042056353240135,0.0004208023845038101,0.7901454879539465,0.8079877112135176,-0.5120297264298073
LMB,LMB | Discharge voltage,Discharge voltage,7,14,651,0.015753986501330704,0.0157539845983022,0.015753984129184502,0.01575398486723,0.01575398451370798,0.034504107261507024,0.3717357910906298,-0.06092927317090513
LMB,LMB | Discharge capacity,Discharge capacity,4,14,651,0.018329514943538974,0.0181674290878545,0.0181630538299875,0.0182044132247244,0.02266040774793157,0.03413810892898494,0.250384024577573,0.28264734713865103
LMB,LMB | Energy density (DE route),Energy density (DE route),6,14,651,0.18599396687702516,0.1856660788747425,0.1856316541308183,0.18566682320357344,0.1865750220632041,0.4492818138850062,0.24731182795698925,-0.14605332441757118
LMB,LMB | Discharge energy,Discharge energy,3,14,651,0.99716803049506,0.9971679132694716,0.9971679095634226,0.9971679541961582,0.997174790374102,0.03046474327389115,0.21044546850998463,-0.29054180059029044
LMB,LMB | Energy density (VC route),Energy density (VC route),5,1521,122,0.9892542058105371,0.9962865997565147,0.976352657512171,0.9970391314835285,0.9739713915224811,0.6019044447513486,0.48360655737704916,-0.10299286031109318
LMB,LMB | Discharge voltage,Discharge voltage,7,1521,122,0.07170643733577009,0.0749979674074739,0.06787065870756925,0.07801785682911272,0.06409266456969429,0.1856736955716818,0.1557377049180328,0.5344560365299664
LMB,LMB | Discharge capacity,Discharge capacity,4,1521,122,0.9528190205255135,0.95281287287262,0.9528117977988839,0.9528244733183877,0.9528622424160781,0.09474655056837492,0.13114754098360656,-0.6596025575672069
LMB,LMB | Energy density (DE route),Energy density (DE route),6,1521,122,0.8484929362386289,0.8507339759224073,0.8479463269656684,0.9228315914223041,0.8993446726704172,0.4498017714753472,0.4426229508196721,-0.07361582032928177
LMB,LMB | Discharge energy,Discharge energy,3,1521,122,0.9970404422661946,0.9970403159735928,0.9970402721165088,0.997040517653625,0.9970406157379789,0.7840821336625697,0.7786885245901639,0.4137896848910716
LMB,LMB | Energy density (VC route),Energy density (VC route),5,1554,685,0.29043710672943135,0.2956936252108131,0.2824832375512648,0.2957019955454095,0.2728361312889639,0.9649245844426063,0.872992700729927,-0.6331331367130775
LMB,LMB | Discharge voltage,Discharge voltage,7,1554,685,0.016503019756395447,0.0165030186618777,0.016503018064005,0.0165030277530607,0.016503013287556496,0.1982341776173673,0.27445255474452557,0.706151160303835
LMB,LMB | Discharge capacity,Discharge capacity,4,1554,685,0.9586114079355038,0.9586112853100602,0.9586107087130956,0.9586113162832324,0.9586120935551761,0.3958556891024659,0.7474452554744525,-0.3439199683634814
LMB,LMB | Energy density (DE route),Energy density (DE route),6,1554,685,0.0022298757266254895,0.0022324603023355,0.002232447496257,0.0022382728156825,0.002214296950719949,0.9782261306268093,0.9693430656934306,-0.7880657362030012
LMB,LMB | Discharge energy,Discharge energy,3,1554,685,0.8934749939266404,0.8934779188235568,0.8934716955156278,0.8934779485585129,0.893447650045037,0.05033921774886664,0.5197080291970803,0.42272683537487227
LMB,LMB | Energy density (VC route),Energy density (VC route),5,16,23,0.899821523468372,0.9055001881053306,0.8883905521278552,0.913400740155183,0.8446765391398571,0.9173250532387096,0.34782608695652173,0.05237154150197629
LMB,LMB | Discharge voltage,Discharge voltage,7,16,23,0.08173308691880996,0.0847130229668889,0.06488832065832295,0.11082752659631255,0.031219355595499793,0.4069805571714312,0.5652173913043478,-0.17193675889328064
LMB,LMB | Discharge capacity,Discharge capacity,4,16,23,0.5265261955761933,0.5088113788075858,0.5062287477028664,0.5132911524301633,0.7092897008416433,0.48715645882560465,0.43478260869565216,-0.3023715415019763
LMB,LMB | Energy density (DE route),Energy density (DE route),6,16,23,0.09360711081911885,0.0962896811105119,0.09269492755415426,0.09808041337108381,0.06939918238398936,0.7882991983724257,0.30434782608695654,0.3102766798418973
LMB,LMB | Discharge energy,Discharge energy,3,16,23,0.9622633986836938,0.968524173710846,0.9678453862573762,0.9692219491316224,0.8800984289141627,0.716022651756134,0.34782608695652173,-0.01383399209486166
LMB,LMB | Energy density (VC route),Energy density (VC route),5,1676,183,0.0007721890583231923,0.0005829030779193,0.0005762563013621,0.0006649124990169,0.0026872294970513915,0.11747258485348254,0.9180327868852459,0.5920114981641534
LMB,LMB | Discharge voltage,Discharge voltage,7,1676,183,0.010139469100519232,0.0102512501795386,0.01022719683951155,0.01025870458957805,0.009890998492426903,0.1303825123347275,0.03278688524590164,0.15978578002318258
LMB,LMB | Discharge capacity,Discharge capacity,4,1676,183,0.030692691936380332,0.0307130667403975,0.03066602628686825,0.03087426531550845,0.03286459255308,0.04356481019000237,0.0546448087431694,-0.9301043001667354
LMB,LMB | Energy density (DE route),Energy density (DE route),6,1676,183,0.03693561952807285,0.0360796938899013,0.03604946419091335,0.03738939210815375,0.03636810762742551,0.0020372181598364873,0.00546448087431694,0.9997336933694544
LMB,LMB | Discharge energy,Discharge energy,3,1676,183,0.9588382125639355,0.958567761873092,0.9585633987186439,0.9586541440724978,0.9586067886024922,0.9909102949817747,0.9234972677595629,-0.9991144329802217
LMB,LMB | Energy density (VC route),Energy density (VC route),5,1693,404,0.07286906529908027,0.0729201358239432,0.07290519929520264,0.0729222162828151,0.07289282149322512,0.8010867928414215,0.7970297029702971,0.21948543429937642
LMB,LMB | Discharge voltage,Discharge voltage,7,1693,404,0.09436703143458397,0.09058997704889285,0.08985371824820196,0.09974823576582086,0.09084472662908837,0.12681085256949898,0.2747524752475248,0.5892024075550187
LMB,LMB | Discharge capacity,Discharge capacity,4,1693,404,0.724948035705177,0.7444213717381021,0.7228810783213352,0.7488036220068957,0.7283333731655097,0.5477457740117636,0.2524752475247525,-0.3537617387751475
LMB,LMB | Energy density (DE route),Energy density (DE route),6,1693,404,0.7140687846440135,0.6864349327048784,0.6862051737665107,0.6955718574921718,0.6891673047173171,0.9188626290144634,0.8589108910891089,-0.9665660581815044
LMB,LMB | Discharge energy,Discharge energy,3,1693,404,0.8271769427606407,0.8272232503030392,0.8272158720486719,0.8273393573892216,0.8273667009137345,0.8801699582179314,0.4084158415841584,0.14587419030405074
LMB,LMB | Energy density (VC route),Energy density (VC route),5,1703,104,0.23100263671838286,0.2638002404407454,0.2589579913948415,0.2684440732646781,0.22972178447144573,0.14419644890786756,0.009615384615384616,-0.11946676055606403
LMB,LMB | Discharge voltage,Discharge voltage,7,1703,104,0.027905851774015424,0.02790584820685045,0.027905848156593124,0.027905848285186826,0.02790585888958883,0.8880602836594208,0.9711538461538461,-0.9966712366035944
LMB,LMB | Discharge capacity,Discharge capacity,4,1703,104,0.13300282668159336,0.14372181686983626,0.14151946494834292,0.14541384119091572,0.14585040446221964,0.246693757389725,0.028846153846153848,-0.9479215288832513
LMB,LMB | Energy density (DE route),Energy density (DE route),6,1703,104,0.39905037923556613,0.3824804325355574,0.3816521830894263,0.3832163359336488,0.38337427563745236,0.27977675057691787,0.11538461538461539,-0.0462344798155893
LMB,LMB | Discharge energy,Discharge energy,3,1703,104,0.9846148056170457,0.9843079441547238,0.9842848803032423,0.9843508923432784,0.9843053465098843,0.9856983466399825,1.0,-0.7379859434831474
LMB,LMB | Energy density (VC route),Energy density (VC route),5,178,617,0.6540606600202558,0.6595290304406105,0.6589998007179103,0.6597253118301672,0.028889806589963034,0.02081674773629799,0.3646677471636953,0.48253864144525027
LMB,LMB | Discharge voltage,Discharge voltage,7,178,617,0.0007626648118716011,0.0007626648276391,0.0007626648049905,0.0007626648301477,0.000762664511152769,0.35505540215913733,0.6709886547811994,0.2726903414852957
LMB,LMB | Discharge capacity,Discharge capacity,4,178,617,0.17519116546093494,0.1751874650966765,0.1751872654715648,0.1751883366939585,0.1770333173584779,0.9874837948795296,0.3354943273905997,-0.6457181659431959
LMB,LMB | Energy density (DE route),Energy density (DE route),6,178,617,0.013417761465350536,0.0132798316824716,0.0132715247811535,0.0132842699422172,0.020945600961056673,4.503528943491263e-05,0.012965964343598054,0.5962462133983363
LMB,LMB | Discharge energy,Discharge energy,3,178,617,0.23838752813120728,0.2383503847154314,0.2383461895076624,0.2383506390400431,0.2574682146613943,0.8163332127882046,0.04376012965964344,-0.36132920380604494
LMB,LMB | Energy density (VC route),Energy density (VC route),5,1789,152,0.0058819560311196475,0.005820398257747,0.00556172146138805,0.0058534479720071,0.00617062815095769,0.1637394572628078,0.756578947368421,0.17788179821330052
LMB,LMB | Discharge voltage,Discharge voltage,7,1789,152,0.01051065996626234,0.0105106599586175,0.0105106599584957,0.010510659966593075,0.010510660194719676,0.2880855436774547,0.9078947368421053,0.15048162756191252
LMB,LMB | Discharge capacity,Discharge capacity,4,1789,152,0.8935241616767977,0.892568952933162,0.8925684223739395,0.8926124099743453,0.9653938238473405,0.003055488973090252,0.013157894736842105,-0.9283469774486589
LMB,LMB | Energy density (DE route),Energy density (DE route),6,1789,152,0.30332437403883583,0.3031322972705548,0.3031322972705548,0.3031412515856261,0.29747294704984906,0.11563902068933701,0.756578947368421,-0.8938805842311617
LMB,LMB | Discharge energy,Discharge energy,3,1789,152,0.9992614365155169,0.9992613655195578,0.9992613654647126,0.9992613661195132,0.9992705195728664,0.5092030398888653,0.9868421052631579,0.582768768094722
LMB,LMB | Energy density (VC route),Energy density (VC route),5,1809,183,0.0006389258930273026,0.0006439697802147,0.0006439491677907,0.00064455075932865,0.000597866364357832,0.36979248181681695,0.9234972677595629,0.9764402660130516
LMB,LMB | Discharge voltage,Discharge voltage,7,1809,183,0.020948598600499958,0.0220196375034306,0.02179789827840215,0.023669438634783997,0.0023757398031944194,0.05031688356745137,0.0546448087431694,-0.37557269247587305
LMB,LMB | Discharge capacity,Discharge capacity,4,1809,183,0.9996280957783027,0.9995941528748168,0.9995928960246169,0.9996295774451591,0.9996202781810094,0.3841410296218332,0.00546448087431694,-0.6699093335840546
LMB,LMB | Energy density (DE route),Energy density (DE route),6,1809,183,0.27063519540161907,0.2890490763305587,0.28459174758294314,0.2902296948568756,0.13634858934198346,0.39681854031029085,0.9234972677595629,-0.5751342141404743
LMB,LMB | Discharge energy,Discharge energy,3,1809,183,0.9830722441146289,0.983043954436018,0.9830302766156664,0.9830505983117868,0.9830399723693131,0.07518378759246883,0.08196721311475409,0.9714112532673506
LMB,LMB | Energy density (VC route),Energy density (VC route),5,183,651,0.0001848439715906344,0.0001842456246218,0.0001841691331926,0.0001845353236898,0.00018655194325281572,0.7384664633660479,0.8079877112135176,0.4275193663536178
LMB,LMB | Discharge voltage,Discharge voltage,7,183,651,0.0045253443171627255,0.0045253457715378,0.004525343951016451,0.004525346778133,0.004525325020062934,0.1667953632152641,0.6113671274961597,0.2799140555571265
LMB,LMB | Discharge capacity,Discharge capacity,4,183,651,0.9695774228868467,0.9695752362433272,0.9695741322420535,0.9695755907848104,0.9696590170266501,0.02929371538909999,0.29339477726574503,-0.42114624531235867
LMB,LMB | Energy density (DE route),Energy density (DE route),6,183,651,0.005768159854226894,0.0057698179469527,0.00576462683335085,0.0057702487279109,0.005770986679140042,0.7660658846482881,0.8079877112135176,0.7424169100421848
LMB,LMB | Discharge energy,Discharge energy,3,183,651,0.9985374383620836,0.9985463595089944,0.9985450907316928,0.998549300834079,0.9984780468259515,0.03686268037854025,0.1597542242703533,-0.032042737549918876
LMB,LMB | Energy density (VC route),Energy density (VC route),5,1847,57,0.9281630169887393,0.927853856471966,0.9277128189917352,0.9286146747998648,0.9277382663318107,0.14922217747344557,0.5087719298245614,0.13048131817968361
LMB,LMB | Discharge voltage,Discharge voltage,7,1847,57,0.46337345561795124,0.5500871825414352,0.3860028389776692,0.5933330701337822,0.243703217298586,0.3721449977039575,0.12280701754385964,-0.06147461645124423
LMB,LMB | Discharge capacity,Discharge capacity,4,1847,57,0.06965406315751697,0.069350990891512,0.0683194608278238,0.0711146248450706,0.07176285876405085,0.12109997620464312,0.017543859649122806,-0.6799409898498329
LMB,LMB | Energy density (DE route),Energy density (DE route),6,1847,57,0.7802608373034805,0.7825240317212698,0.7769045128806727,0.7831893980638777,0.7783949630402058,0.2022199279457085,0.45614035087719296,0.6600068113025919
LMB,LMB | Discharge energy,Discharge energy,3,1847,57,0.8932030376392449,0.8932048016899812,0.893193946672396,0.893207401851873,0.8932523346403042,0.7901059894212098,0.2807017543859649,0.21196155412968404
LMB,LMB | Energy density (VC route),Energy density (VC route),5,1869,618,0.10711342572325366,0.1071675713350797,0.1071666220923071,0.1071869424219115,0.1040872154342195,0.8340374497586744,0.7249190938511327,0.009700351130514382
LMB,LMB | Discharge voltage,Discharge voltage,7,1869,618,0.006156504411076833,0.006156504435224,0.0061565044167112,0.006156504845046175,0.006156503540100763,0.2589543254551933,0.6213592233009708,-0.6537040856445933
LMB,LMB | Discharge capacity,Discharge capacity,4,1869,618,0.3707421554864491,0.3707218907892414,0.3705556717305107,0.3707241122850558,0.3885609905879312,0.6977311450216019,0.1423948220064725,-0.8668316831915786
LMB,LMB | Energy density (DE route),Energy density (DE route),6,1869,618,0.002658667722267225,0.0025058814310844,0.002400625699543,0.0025069421263023,0.0031295712670828635,0.6262709825886434,0.6310679611650486,-0.09447164760238502
LMB,LMB | Discharge energy,Discharge energy,3,1869,618,0.7440816833039698,0.7439092732637149,0.7429547417982371,0.7439325418414149,0.9260063673735054,0.601728035032341,0.17637540453074432,-0.4405503859592844
LMB,LMB | Energy density (VC route),Energy density (VC route),5,1928,457,0.1994848026883753,0.1995369200256243,0.19893572719313,0.1997122184213905,0.19892593017987198,0.11544504753371569,0.4223194748358862,0.6075062085593136
LMB,LMB | Discharge voltage,Discharge voltage,7,1928,457,0.3115349097532577,0.3006947627987728,0.2650125469405381,0.3651549689117347,0.26222240344728875,0.1825512533792245,0.26914660831509846,0.558335581543788
LMB,LMB | Discharge capacity,Discharge capacity,4,1928,457,0.8130616970012603,0.8130613575692527,0.8130607950796566,0.8130626928906476,0.8130601741780422,0.13042763922915893,0.087527352297593,-0.05236000217272686
LMB,LMB | Energy density (DE route),Energy density (DE route),6,1928,457,0.08483796648130378,0.0848629294703033,0.0846784539661715,0.0849694310467689,0.08478870635079416,0.8998664512882586,0.7089715536105032,0.3495962847554343
LMB,LMB | Discharge energy,Discharge energy,3,1928,457,0.5901837288968029,0.5901483521742216,0.5895985613577248,0.5907085114978252,0.5901494631808694,0.4544219916776548,0.36542669584245074,-0.38904057408176707
LMB,LMB | Energy density (VC route),Energy density (VC route),5,1969,455,0.0008362763143839316,0.0008727195315838,0.00078509751842995,0.0008747906774601,0.0007986078806557082,0.19627838927295474,0.11208791208791209,0.36167792745839356
LMB,LMB | Discharge voltage,Discharge voltage,7,1969,455,0.5020811107142825,0.6436592879341982,0.1940671212485412,0.7723777203762058,0.48395748756166285,0.38701132311277603,0.36923076923076925,-0.5561530586584603
LMB,LMB | Discharge capacity,Discharge capacity,4,1969,455,0.9727208986076064,0.9727696149868014,0.972646711388509,0.9727768030349874,0.9727644159227292,0.15898249805885545,0.47912087912087914,-0.6661336193129517
LMB,LMB | Energy density (DE route),Energy density (DE route),6,1969,455,0.5505831068342247,0.5700219343413294,0.5195871512510242,0.5705978381600819,0.5452232158063702,0.1685448448036592,0.06373626373626373,-0.5735546126952832
LMB,LMB | Discharge energy,Discharge energy,3,1969,455,0.9986801093181349,0.9996427497074302,0.9973291832111152,0.999807619040546,0.9995486481656359,0.9723592786580597,0.7252747252747253,0.2906191680907006
LMB,LMB | Energy density (VC route),Energy density (VC route),5,2024,248,0.0008865323420238012,0.0008725703218889,0.000872345195266825,0.0009091558729331501,0.0009250863238173305,0.12900771262138014,0.056451612903225805,-0.10829306824131595
LMB,LMB | Discharge voltage,Discharge voltage,7,2024,248,0.0018425717839976783,0.00184255820314515,0.0018425422509979498,0.001842594790474075,0.0018425508490321056,0.028504212301380383,0.020161290322580645,0.8430969148965092
LMB,LMB | Discharge capacity,Discharge capacity,4,2024,248,0.23754400547048704,0.0715260633020198,0.0696163587316483,0.5910772341659855,0.07470478131877369,0.9896199744465465,0.8548387096774194,-0.3268287012587827
LMB,LMB | Energy density (DE route),Energy density (DE route),6,2024,248,0.04763016199575179,0.0461354126891869,0.0461180801154134,0.0508762451540035,0.047090458490430316,0.9981208857087214,0.8306451612903226,-0.842668358368796
LMB,LMB | Discharge energy,Discharge energy,3,2024,248,0.25804269897023213,0.2587019552402552,0.2563692263441857,0.2587371328829781,0.2598630130126936,0.3477517149889216,0.1975806451612903,-0.21186202895265513
LMB,LMB | Energy density (VC route),Energy density (VC route),5,2255,376,0.06108181770806952,0.0605582948102443,0.0599749879921765,0.06094650399992312,0.06001629607220237,0.41608894814021385,0.4787234042553192,-0.6225877664285526
LMB,LMB | Discharge voltage,Discharge voltage,7,2255,376,0.3212428697324431,0.3212428814209589,0.3212428644337007,0.3212428894995733,0.3212428302090953,0.34540117593309133,0.7180851063829787,0.3246233000344438
LMB,LMB | Discharge capacity,Discharge capacity,4,2255,376,0.9989257962827969,0.9989284046759546,0.998928278387572,0.9989284216047426,0.9989135466980041,0.016122250462229697,0.007978723404255319,-0.08301070649503182
LMB,LMB | Energy density (DE route),Energy density (DE route),6,2255,376,0.07507695971920403,0.0742592361536885,0.0720770845641715,0.0764343958666968,0.07703009610507641,0.23827890443768143,0.2154255319148936,0.02543952906362189
LMB,LMB | Discharge energy,Discharge energy,3,2255,376,0.4674421581176457,0.3872841160296806,0.3853338497833928,0.3904902080842091,0.8824037276330197,0.9939947304152463,0.2712765957446808,0.7812557529300166
LMB,LMB | Energy density (VC route),Energy density (VC route),5,2264,628,0.008972198361176591,0.009072255902670249,0.008745801597956526,0.009105206071618875,0.008923456346425381,0.9415950267905588,0.9410828025477707,-0.3703697511815139
LMB,LMB | Discharge voltage,Discharge voltage,7,2264,628,0.00158460821330263,0.0015846082097185,0.0015846081778045,0.0015846082927201501,0.0015846080531966892,0.25620966576635357,0.10509554140127389,0.36993284479822797
LMB,LMB | Discharge capacity,Discharge capacity,4,2264,628,0.7562992565645432,0.7562251443088008,0.7562236324349993,0.7564044936076448,0.7564224394168013,0.8442251321206268,0.5302547770700637,0.7259569234284956
LMB,LMB | Energy density (DE route),Energy density (DE route),6,2264,628,0.0025758674146742536,0.00271798651660395,0.0022035419368688,0.00285704428305085,0.0023797248467002483,0.863816671727522,0.7340764331210191,-0.7027684380771448
LMB,LMB | Discharge energy,Discharge energy,3,2264,628,0.5983117189522023,0.5983536387154095,0.5982661762114928,0.5983554857330825,0.5982328724128545,0.3059454527017394,0.34394904458598724,0.6714983465346256
LMB,LMB | Energy density (VC route),Energy density (VC route),5,230,203,0.8818296475638809,0.8776199524794444,0.8774780127108422,0.8898898092350765,0.878118722973021,0.044945660019833744,0.014778325123152709,0.90429288319651
LMB,LMB | Discharge voltage,Discharge voltage,7,230,203,0.027776015618505404,0.0275999862875805,0.0274568032628849,0.0288288824481101,0.027415147096105912,0.4980821281231608,0.4729064039408867,0.17542720883391008
LMB,LMB | Discharge capacity,Discharge capacity,4,230,203,0.08052991566653536,0.0995754663718332,0.0429591476254911,0.0995977770163037,0.038456694081342675,0.014846175854676742,0.009852216748768473,0.4311018737604386
LMB,LMB | Energy density (DE route),Energy density (DE route),6,230,203,0.19065693666944003,0.1544154849253658,0.1544154849253658,0.24485871094238887,0.24157986368816206,0.02915609635441346,0.054187192118226604,-0.9584517485143208
LMB,LMB | Discharge energy,Discharge energy,3,230,203,0.20591965782363883,0.2703813214125943,0.06260005810459755,0.2705652284659041,0.07142136531806861,0.9516154092034722,0.2955665024630542,-0.48842017617508393
LMB,LMB | Energy density (VC route),Energy density (VC route),5,244,325,0.06840770569856168,0.0668030663654197,0.0655103112208606,0.0700617523065876,0.0755526945061014,0.19891685491227765,0.08615384615384615,-0.6470631812522258
LMB,LMB | Discharge voltage,Discharge voltage,7,244,325,0.0008702430543003671,0.0008702432529364,0.0008702430096742,0.0008702433244625,0.0008702415768238147,0.4223039545514857,0.41846153846153844,-0.37660845284567307
LMB,LMB | Discharge capacity,Discharge capacity,4,244,325,0.9992623057427035,0.999262020136177,0.999261969639859,0.9992620389382784,0.9993219006797099,0.0051184077999142635,0.24615384615384617,-0.8375353305076034
LMB,LMB | Energy density (DE route),Energy density (DE route),6,244,325,0.00047807011298274917,0.0004785530937549,0.0004785257015881,0.000483350945782,0.00020094233499961587,0.06013891269737283,0.27076923076923076,-0.3586953320224963
LMB,LMB | Discharge energy,Discharge energy,3,244,325,0.6533049797403508,0.6532815667671966,0.6532742100350162,0.6532827498694448,0.660089954907123,0.4204690425586348,0.9938461538461538,0.9577531707303213
LMB,LMB | Energy density (VC route),Energy density (VC route),5,296,312,0.08363980983553813,0.0836666553267277,0.08351694875793768,0.08368552664348967,0.08351335754722033,0.9522930184913869,0.5737179487179487,-0.3271830059884593
LMB,LMB | Discharge voltage,Discharge voltage,7,296,312,0.0009849733631850182,0.0010564626689044498,0.0008791604759922,0.00107172638740435,0.0008830023557291733,0.1961180036716021,0.20512820512820512,0.686000743025643
LMB,LMB | Discharge capacity,Discharge capacity,4,296,312,0.9790450328456001,0.9789346652147455,0.9789334418714842,0.9791881320289697,0.9789195579774145,0.2226077301559861,0.09615384615384616,0.8998348008227597
LMB,LMB | Energy density (DE route),Energy density (DE route),6,296,312,0.004784713948270138,0.0048127372880444,0.0047536217362317,0.00481390084958605,0.004754767510038028,0.7059191438487905,0.9006410256410257,-0.49254075173733025
LMB,LMB | Discharge energy,Discharge energy,3,296,312,0.9884703284441623,0.9884731224136424,0.9884669205243395,0.9884732206667642,0.9884730534355055,0.9973701604774328,0.9967948717948718,0.48969688348469886
LMB,LMB | Energy density (VC route),Energy density (VC route),5,2973,357,0.00365169532910403,0.0031932121790185,0.003171935803135,0.00376472244656,0.0020131084589625633,0.4208292919750413,0.3641456582633053,-0.2224305293435468
LMB,LMB | Discharge voltage,Discharge voltage,7,2973,357,0.19187554956225739,0.0012657031478106,0.0012457030210673,0.016288922547445,0.4941294942672541,0.2848343310436421,0.14565826330532214,-0.5377829238774887
LMB,LMB | Discharge capacity,Discharge capacity,4,2973,357,0.4465130505496104,0.538891271355332,0.2040929162275857,0.5424435284336905,0.5341984267662423,0.3845318745957726,0.3445378151260504,-0.46094720155654295
LMB,LMB | Energy density (DE route),Energy density (DE route),6,2973,357,0.07932106525968292,0.005115760611605,0.0050423942104786,0.0505253351598693,0.01047326478673755,0.19732745008365737,0.2801120448179272,0.8051591607692659
LMB,LMB | Discharge energy,Discharge energy,3,2973,357,0.8638635438366856,0.8642321167859598,0.8629760312555906,0.8642488274730517,0.8642906746436705,0.5701572388370266,0.5826330532212886,-0.17110366372697752
LMB,LMB | Energy density (VC route),Energy density (VC route),5,338,181,0.11613415372515806,0.0799619124360253,0.079956236985654,0.0799630756784173,0.10171208765890297,0.9925545686884446,0.9834254143646409,-0.08127203470253595
LMB,LMB | Discharge voltage,Discharge voltage,7,338,181,0.019728025376521716,0.0198410982588341,0.0197440950142969,0.0198747043820228,0.018717177724696873,0.3319018053313159,0.2265193370165746,0.17234997047919054
LMB,LMB | Discharge capacity,Discharge capacity,4,338,181,0.4783654789895987,0.485362672716799,0.482563068747984,0.4864141460883183,0.4224172735616586,0.4517792098050253,0.15469613259668508,-0.22531057210242775
LMB,LMB | Energy density (DE route),Energy density (DE route),6,338,181,0.30765031842318674,0.3081547742084787,0.3081523948148712,0.3081555779585717,0.3077096706014809,0.9953388028759883,0.9834254143646409,-0.7871304312626185
LMB,LMB | Discharge energy,Discharge energy,3,338,181,0.9604223313605053,0.9716862545357724,0.9716562830628118,0.9717738476400644,0.9488964269606095,0.9108459614890155,0.9723756906077348,-0.6644601753791195
LMB,LMB | Energy density (VC route),Energy density (VC route),5,374,101,0.17607181383676485,0.1762301780983334,0.1760565368063577,0.1762633824966435,0.17588528360652547,0.060238770063165865,0.0297029702970297,0.5979848573092602
LMB,LMB | Discharge voltage,Discharge voltage,7,374,101,0.001542529020923612,0.001542529175508,0.0015425291144543,0.0015425291916392,0.0015425279278761075,0.6877255070250534,0.9108910891089109,-0.4421199767035527
LMB,LMB | Discharge capacity,Discharge capacity,4,374,101,0.9809280408983645,0.980951707296664,0.9809368483099432,0.9809579448263478,0.9779546479421888,0.37339392558113055,0.3465346534653465,-0.46376237623762373
LMB,LMB | Energy density (DE route),Energy density (DE route),6,374,101,0.695871545770227,0.6955890539741245,0.6953390730036497,0.695825242533815,0.6953832856448258,0.07775222215906573,0.019801980198019802,0.31705299941758874
LMB,LMB | Discharge energy,Discharge energy,3,374,101,0.9667064617741301,0.9687563339424544,0.968318179064264,0.9691809482267076,0.9837334082232629,0.7182467263075205,0.9504950495049505,0.8375771694816541
LMB,LMB | Energy density (VC route),Energy density (VC route),5,403,220,0.9631791013367157,0.965734403084261,0.9655755335246154,0.966086231477684,0.9649526324245173,0.09472633941190538,0.2,-0.10548884443838101
LMB,LMB | Discharge voltage,Discharge voltage,7,403,220,0.0101930444059629,0.0101930438504357,0.010193043793269225,0.010193045182161051,0.010193045457316755,0.19692368934221052,0.32727272727272727,0.25056718166317676
LMB,LMB | Discharge capacity,Discharge capacity,4,403,220,0.006660928407767949,0.0066104222939883,0.0066062176032545255,0.0067048446857796,0.007039534884929479,0.4409428588188198,0.5,0.052714985659641035
LMB,LMB | Energy density (DE route),Energy density (DE route),6,403,220,0.9738407246485715,0.9742995856512116,0.9742270108501434,0.9763072303419036,0.9710129927485333,0.4021704897185057,0.6136363636363636,0.06413397880707306
LMB,LMB | Discharge energy,Discharge energy,3,403,220,0.9151402400293196,0.9151405336630738,0.9151398470733626,0.9151405768169614,0.9151391556021459,0.6198860042699559,0.40454545454545454,-0.46277061750214304
LMB,LMB | Energy density (VC route),Energy density (VC route),5,413,152,0.19183422552995602,0.191657762789599,0.19161707161109487,0.19173655066688045,0.1930934489738874,0.2959540804385553,0.05263157894736842,-0.4599443820298392
LMB,LMB | Discharge voltage,Discharge voltage,7,413,152,0.003613592645348644,0.00326207429679225,0.0032611954089838,0.003411915598014225,0.005644313526905136,0.39532225059418014,0.3157894736842105,-0.24476691286099742
LMB,LMB | Discharge capacity,Discharge capacity,4,413,152,0.22554245818022056,0.2171629349928422,0.2171250943484893,0.21723460080398,0.9356910229475521,0.020317764138431983,0.7631578947368421,-0.12418794276555681
LMB,LMB | Energy density (DE route),Energy density (DE route),6,413,152,0.010306736251037842,0.009909653062133199,0.0099094399894448,0.01000919609604995,0.017156073683527395,0.30646149015451335,0.8026315789473685,-0.05417712521379862
LMB,LMB | Discharge energy,Discharge energy,3,413,152,0.9989285293892038,0.9989285177702592,0.9989285176710518,0.9989285177996855,0.9989292933764181,0.5241590158111012,0.9802631578947368,-0.7452733632124556
LMB,LMB | Energy density (VC route),Energy density (VC route),5,42,101,0.9378667986058695,0.997924666903062,0.9978973390816902,0.9980021868906442,0.01138948395508908,0.012641797374744197,0.019801980198019802,-0.136212469844298
LMB,LMB | Discharge voltage,Discharge voltage,7,42,101,0.0022513336304671424,0.0021166323660558,0.0021117892489306,0.002122982232664,0.0013604316536102688,0.18655409149386082,0.9207920792079208,-0.5343622597553873
LMB,LMB | Discharge capacity,Discharge capacity,4,42,101,0.12377445439085606,0.1294905089197857,0.1176487990315007,0.1298442787284025,0.028696925328284613,0.9761199618305154,0.3465346534653465,0.2986138613861386
LMB,LMB | Energy density (DE route),Energy density (DE route),6,42,101,0.9242507824681239,0.9935142153151296,0.9933592476496904,0.993923376268466,0.34952649429075466,0.17299945672148637,0.0297029702970297,-0.30149258234766885
LMB,LMB | Discharge energy,Discharge energy,3,42,101,0.1402571583236927,0.0660673322162957,0.0539731635805483,0.0711276165549944,0.02069548409787512,0.8760501790202497,0.9801980198019802,-0.5428072218986604
LMB,LMB | Energy density (VC route),Energy density (VC route),5,420,77,0.6124279004324804,0.5582253225627958,0.5543514586512852,0.5699786649469951,0.635968711107785,0.9087484873173455,0.8441558441558441,-0.5910668279089331
LMB,LMB | Discharge voltage,Discharge voltage,7,420,77,0.009666637320936589,0.010489334952616,0.0099594018635891,0.0106442435443108,0.009439192061287145,0.9174213187367075,0.9090909090909091,-0.41971186708028807
LMB,LMB | Discharge capacity,Discharge capacity,4,420,77,0.7756085887480192,0.7755510446450422,0.7755252471219433,0.7755971226043937,0.7861658025732492,0.6397110069716988,0.8571428571428571,0.34307797465692197
LMB,LMB | Energy density (DE route),Energy density (DE route),6,420,77,0.6798268827363709,0.6894643481433117,0.6894023572071373,0.6894952047030851,0.6708472756896808,0.26844869876616617,0.09090909090909091,0.5366677620768978
LMB,LMB | Discharge energy,Discharge energy,3,420,77,0.9827247851150411,0.9827246848193396,0.9827246760113264,0.9827247024320636,0.9827343731357814,0.776051546103012,1.0,0.6075451856720342
LMB,LMB | Energy density (VC route),Energy density (VC route),5,451,617,0.39162324104955465,0.3845754725175697,0.384093982894615,0.3999897655118353,0.011872072890636636,0.007071636341143467,0.233387358184765,-0.033163720988171774
LMB,LMB | Discharge voltage,Discharge voltage,7,451,617,0.005132808970656864,0.0050502023688809,0.0050252897920059,0.0050936641789032,0.006602473217397165,0.11637176584576338,0.05672609400324149,-0.6738980628833546
LMB,LMB | Discharge capacity,Discharge capacity,4,451,617,0.19999053596424435,0.1999862704321588,0.1999860957710881,0.1999863339489763,0.20237951464035525,0.9891731104673386,0.1426256077795786,-0.4999635223856833
LMB,LMB | Energy density (DE route),Energy density (DE route),6,451,617,0.052649667464712814,0.0451818177032832,0.0425788087751595,0.045335180278863,0.5417253482844725,0.09255046363016359,0.1507293354943274,0.457383865093653
LMB,LMB | Discharge energy,Discharge energy,3,451,617,0.0018641767660162272,0.0005401069647893,0.0005399974404407,0.0005401966393949,0.7336376107292114,0.9872076715381558,0.08265802269043761,-0.722965795286456
LMB,LMB | Energy density (VC route),Energy density (VC route),5,483,155,0.890644161148643,0.8923399203521273,0.892046449388113,0.8927643299982684,0.8683703368190362,0.38355939460414723,0.45161290322580644,0.08434468757049403
LMB,LMB | Discharge voltage,Discharge voltage,7,483,155,0.001520699733651466,0.0015196355376027,0.00149904262243965,0.0015214406801493,0.0015812368382804756,0.17668853159062622,0.2,0.3450452773033418
LMB,LMB | Discharge capacity,Discharge capacity,4,483,155,0.40318732603035423,0.4024086637831985,0.402398684414323,0.4024102429708261,0.45137965588792517,0.4597901291996252,0.7935483870967742,0.2685830298733524
LMB,LMB | Energy density (DE route),Energy density (DE route),6,483,155,0.018848183815622505,0.014370614024712,0.0134421344447593,0.014701581665434,0.01611029433426024,0.04552793275849698,0.06451612903225806,-0.39142120528520785
LMB,LMB | Discharge energy,Discharge energy,3,483,155,0.9139043009876372,0.9139059250540283,0.9139055800433171,0.9139061757628888,0.9138651635720655,0.8709511665952147,0.9806451612903225,0.38237862752905477
LMB,LMB | Energy density (VC route),Energy density (VC route),5,488,104,0.07464584524392891,0.07474478508175655,0.07474324244284768,0.07474830374739197,0.07471492666948676,0.047689760141031115,0.057692307692307696,-0.559692734450016
LMB,LMB | Discharge voltage,Discharge voltage,7,488,104,0.05562491886703191,0.05562491690839,0.05562491673542537,0.05562491695188855,0.055624924067399946,0.9885949270497615,0.9519230769230769,0.37193001173583706
LMB,LMB | Discharge capacity,Discharge capacity,4,488,104,0.9917528234771622,0.9917512199533105,0.9917405002176192,0.9917557481072282,0.992430704226373,0.8726278132040101,0.07692307692307693,-0.7199615918062521
LMB,LMB | Energy density (DE route),Energy density (DE route),6,488,104,0.03539776859420186,0.03538108355783955,0.0353794977048455,0.035384149421860175,0.0353769373611646,0.07639321558324604,0.07692307692307693,0.11555999008818317
LMB,LMB | Discharge energy,Discharge energy,3,488,104,0.9953075866393939,0.99530613037718,0.9953052460423322,0.995306653552745,0.9952580830513772,0.9215750957303855,0.9711538461538461,-0.9516657091619409
LMB,LMB | Energy density (VC route),Energy density (VC route),5,57,620,0.3330287327648075,0.3271288137160187,0.3270605871370231,0.3534989255442696,0.2830725387137045,0.6576269094199038,0.6548387096774193,-0.3752635604956829
LMB,LMB | Discharge voltage,Discharge voltage,7,57,620,0.002162472027594073,0.00216956385707,0.00211977593499955,0.00218368456271105,0.0037940463993196795,0.03677953198391387,0.10806451612903226,-0.8283993009997415
LMB,LMB | Discharge capacity,Discharge capacity,4,57,620,0.0035112434971770177,0.0001742946279451,0.0001742753638578,0.0001781586685871,0.5757001890232722,0.24792342591659858,0.05,0.779158231172858
LMB,LMB | Energy density (DE route),Energy density (DE route),6,57,620,0.27584653533941533,0.30369616114117165,0.2550583307762402,0.3038640665826456,0.2258430451347915,0.28942959806705093,0.14516129032258066,0.4339405360848877
LMB,LMB | Discharge energy,Discharge energy,3,57,620,0.03554330306350921,0.0352114100117225,0.03519370207955335,0.03521295327232715,0.13126443898768275,0.6670122384648263,0.008064516129032258,-0.6171389448613029
LMB,LMB | Energy density (VC route),Energy density (VC route),5,603,404,0.8499676373745798,0.8682988785327084,0.8225210037978106,0.8704751786725724,0.8243443687247899,0.8144304762487758,0.7797029702970297,-0.6569048608922425
LMB,LMB | Discharge voltage,Discharge voltage,7,603,404,0.008499128456892295,0.0084991202383811,0.0084991190171968,0.0084991269838669,0.00849912174368608,0.11502144989638487,0.2301980198019802,0.8152106133122426
LMB,LMB | Discharge capacity,Discharge capacity,4,603,404,0.9999994108284253,0.9999999970563906,0.9999998365499235,0.9999999977449816,0.9999972970227147,0.6574110468106524,0.16831683168316833,-0.4981083876409049
LMB,LMB | Energy density (DE route),Energy density (DE route),6,603,404,0.28252097842738333,0.2726828007419978,0.27054784845260405,0.28560879088679925,0.31416635411824,0.8311686424233032,0.8415841584158416,0.809108155862785
LMB,LMB | Discharge energy,Discharge energy,3,603,404,0.9327204938537305,0.9327248342212268,0.9327246566091664,0.9327337592637435,0.9327375576985847,0.9108780759309661,0.4752475247524752,0.28919231614177004
LMB,LMB | Energy density (VC route),Energy density (VC route),5,639,20,0.4779152971383859,0.7086028506078245,4.570659494645828e-05,0.7137393430394307,0.0006118898922394399,0.0005137282065016042,0.5,0.9458239277652367
LMB,LMB | Discharge voltage,Discharge voltage,7,639,20,0.47969595975564605,0.4796967886062887,0.4796962986266639,0.47969684572492793,0.4796908434346778,0.12179992957505496,0.55,0.047404063205417596
LMB,LMB | Discharge capacity,Discharge capacity,4,639,20,0.036123973939873724,0.0038686070777668,0.00240124228989265,0.0046317619031727,0.023326700372760644,0.7639919330453113,0.65,0.37547027840481556
LMB,LMB | Energy density (DE route),Energy density (DE route),6,639,20,0.6572090165188788,0.8381102489782855,0.4133076284136781,0.9262155980068021,0.6148012157142114,0.006572615849028498,0.6,-0.2896914973664409
LMB,LMB | Discharge energy,Discharge energy,3,639,20,0.8760246205548713,0.8769953518310938,0.8769863047974784,0.8769975101851184,0.8673045227787305,0.733764616665269,0.45,0.03235515425131678
LMB,LMB | Energy density (VC route),Energy density (VC route),5,655,225,0.201238874149646,0.1866507959957669,0.1624898048946693,0.2008073203353364,0.15062042646118975,0.8575436242166566,0.5244444444444445,0.09058977777520248
LMB,LMB | Discharge voltage,Discharge voltage,7,655,225,0.02832558988929535,0.0251150310616181,0.0239234028978762,0.0254791897750361,0.04443955808125901,0.4403605231688082,0.5333333333333333,0.20349263824719116
LMB,LMB | Discharge capacity,Discharge capacity,4,655,225,0.924375825489066,0.9511486582551116,0.9507248823762188,0.951457907273286,0.7693322871474575,0.07242815177703797,0.25333333333333335,0.4702358016365481
LMB,LMB | Energy density (DE route),Energy density (DE route),6,655,225,0.10735604546504719,0.1076018526926995,0.1072663485686864,0.1077038744727151,0.1073249134213238,0.5161778844292726,0.56,0.5810586366832862
LMB,LMB | Discharge energy,Discharge energy,3,655,225,0.3820039716137085,0.4101032145672249,0.4082097488663667,0.4115323274764003,0.21676674140103921,0.2556746943915031,0.5377777777777778,0.45900534005873705
LMB,LMB | Energy density (VC route),Energy density (VC route),5,752,227,0.8650027280956681,0.8681839503506548,0.8673080971901725,0.8712324893764616,0.8445553261626816,0.776429051612868,0.4933920704845815,-0.13471702991244972
LMB,LMB | Discharge voltage,Discharge voltage,7,752,227,0.37701409290203447,0.3492110589319067,0.18741843294182942,0.5186504892671935,0.2929345388582578,0.5760074497917178,0.45374449339207046,-0.5267418994856287
LMB,LMB | Discharge capacity,Discharge capacity,4,752,227,0.3484774743376376,0.2669273216012671,0.266418140221958,0.2673035526537467,0.8253252631206669,0.7757482435596682,0.19383259911894274,0.15802591993289747
LMB,LMB | Energy density (DE route),Energy density (DE route),6,752,227,0.18205179314384629,0.1811876268106461,0.17805504651373866,0.1822522053685499,0.18075118988419928,0.28285085995375125,0.32158590308370044,0.9018464498781203
LMB,LMB | Discharge energy,Discharge energy,3,752,227,0.9992815782411408,0.9992832235749688,0.9992832211619912,0.9992832268081255,0.99925246692815,0.28212040952654144,0.4008810572687225,0.276350084545257
LMB,LMB | Energy density (VC route),Energy density (VC route),5,769,529,0.0014616049067489381,0.0014572789293459,0.0014538513072038,0.0014608989986539,0.0014605543416780938,0.7324752967080463,0.6748582230623819,0.11751507821313413
LMB,LMB | Discharge voltage,Discharge voltage,7,769,529,0.0009621772502572989,0.0009621772766093,0.0009621772084517,0.0009621773186233,0.0009621771371060271,0.5727877066654995,0.48015122873345933,-0.1860822561329539
LMB,LMB | Discharge capacity,Discharge capacity,4,769,529,0.7688800531074969,0.7688962655681431,0.7688949734829793,0.7688976499238658,0.7686265332806905,0.09195430359973682,0.20415879017013233,-0.44584231498294485
LMB,LMB | Energy density (DE route),Energy density (DE route),6,769,529,0.0057548617748660585,0.0057437665970217,0.0057202948936409,0.0057733018663959,0.005722604037184183,0.7083648221061253,0.7296786389413988,-0.18476706153844333
LMB,LMB | Discharge energy,Discharge energy,3,769,529,0.9886560993930777,0.9886746704288912,0.9886722681362684,0.9886773913794604,0.9883839922768337,0.3463435047443646,0.9395085066162571,-0.4940216063922168
LMB,LMB | Energy density (VC route),Energy density (VC route),5,798,326,0.003157494544535058,0.00273558024975885,0.002708017043368675,0.0027578613654207,0.002744193867710652,0.32982957582041544,0.5736196319018405,0.07152691977399608
LMB,LMB | Discharge voltage,Discharge voltage,7,798,326,0.014851909787082758,0.016105197122377797,0.016088254818245423,0.016108591987153125,0.01563665246923854,0.04831513398829381,0.11042944785276074,-0.620595110280094
LMB,LMB | Discharge capacity,Discharge capacity,4,798,326,0.5288720790795982,0.5304054888468401,0.530070855870621,0.5304177532211383,0.5305466606575655,0.9492100642087034,1.0,0.6256097347886508
LMB,LMB | Energy density (DE route),Energy density (DE route),6,798,326,0.000983454430402826,0.0001472494663721,0.00014658090928535,0.00018144519926965,0.0003182103897956189,0.5051449952713013,0.6073619631901841,-0.427411015652777
LMB,LMB | Discharge energy,Discharge energy,3,798,326,0.5781125540594608,0.5781818940113405,0.5781359991726973,0.5781823336726032,0.5783734010799745,0.8189069944720792,0.26380368098159507,-0.2561277309336784
LMB,LMB | Energy density (VC route),Energy density (VC route),5,828,76,0.49510025999050783,0.48829368668985196,0.48731342758914153,0.4889605753724589,0.522730837181423,0.487522331670564,0.868421052631579,0.3146958304853042
LMB,LMB | Discharge voltage,Discharge voltage,7,828,76,0.008158201775740965,0.007875054792952151,0.0077535890937361004,0.0079705747927047,0.009193666373906704,0.472279632313539,0.9078947368421053,-0.13090909090909092
LMB,LMB | Discharge capacity,Discharge capacity,4,828,76,0.9787966632267953,0.9782859441701315,0.9782750836295602,0.9782946434514791,0.999555441777996,0.438814654725521,0.11842105263157894,-0.947423103212577
LMB,LMB | Energy density (DE route),Energy density (DE route),6,828,76,0.10075387332480414,0.10001939399726065,0.09998103674917942,0.1001030012268101,0.1024916358850696,0.6944567461200862,0.6447368421052632,-0.22019439773612764
LMB,LMB | Discharge energy,Discharge energy,3,828,76,0.3351639468343275,0.31949060659128525,0.319476980785086,0.3194959570680139,0.9979669423632935,0.46584700666678114,0.02631578947368421,-0.8732997033452269
LMB,LMB | Energy density (VC route),Energy density (VC route),5,845,527,0.7918976044635452,0.7986437211062595,0.7866227477923216,0.8096502550785105,0.7551743292945946,0.07854282719764498,0.3567362428842505,-0.03263497770224337
LMB,LMB | Discharge voltage,Discharge voltage,7,845,527,0.0166153022825192,0.0166152794465758,0.016615277997942,0.01661533783483845,0.016615337619333252,0.03804693895675443,0.2314990512333966,-0.26132047936940345
LMB,LMB | Discharge capacity,Discharge capacity,4,845,527,0.588300784225288,0.5886563808379804,0.5877766299166369,0.5886782451830924,0.5887766025005066,0.7896852246950375,0.6584440227703985,0.4539648507701389
LMB,LMB | Energy density (DE route),Energy density (DE route),6,845,527,0.11782547877836874,0.1277909122627269,0.10399848777228295,0.12876271101086406,0.12369505261090591,0.07320728464959711,0.11195445920303605,-0.720641341771096
LMB,LMB | Discharge energy,Discharge energy,3,845,527,0.7644532508855637,0.7643519534097366,0.7643379505202553,0.764605212249465,0.7643181108004916,0.4932659013546006,0.4990512333965844,0.21586766014738232
LMB,LMB | Energy density (VC route),Energy density (VC route),5,909,749,0.062151821608633515,0.0619235705944089,0.0619122616036885,0.0621970730013918,0.06190622920938412,0.2952919623591585,0.4032042723631509,0.04984425004885606
LMB,LMB | Discharge voltage,Discharge voltage,7,909,749,0.9349498668434705,0.9762444625174572,0.9390395347415113,0.9770657629024248,0.8626012959856814,0.6486575037391176,0.7289719626168224,-0.0042084565633472345
LMB,LMB | Discharge capacity,Discharge capacity,4,909,749,0.9937472918723779,0.9937476569913094,0.9937465815034386,0.9937476976671616,0.993746711506522,0.02863403331183985,0.04806408544726302,0.9022112779465961
LMB,LMB | Energy density (DE route),Energy density (DE route),6,909,749,0.059159499103296216,0.0594694308071064,0.058674006381069,0.0594709383360964,0.059882794353895,0.2424572498214461,0.11748998664886515,-0.2796792728168734
LMB,LMB | Discharge energy,Discharge energy,3,909,749,0.011176120454221417,0.0111857953791752,0.0111434684208808,0.0112016337366587,0.011114838374653154,0.40196900737779223,0.20427236315086783,-0.2290696842003528
LMB,LMB | Energy density (VC route),Energy density (VC route),5,914,455,0.04791010702100912,0.0817763277424262,0.0033537892383848503,0.08197619520522606,0.00460783335635516,0.7811064022437729,0.8725274725274725,-0.6934615361332639
LMB,LMB | Discharge voltage,Discharge voltage,7,914,455,0.42807728452301147,0.6133741968700859,0.19216154128833446,0.6496639845480039,0.454818813924302,0.40562794015065773,0.41318681318681316,-0.5096359512443633
LMB,LMB | Discharge capacity,Discharge capacity,4,914,455,0.9954594018335546,0.9954690147855624,0.9949673591154741,0.9958029869068763,0.995657103137875,0.6297444720443574,0.8351648351648352,-0.2298859374204442
LMB,LMB | Energy density (DE route),Energy density (DE route),6,914,455,0.21165933587008834,0.3607044866285213,0.0127977035617051,0.3607627827384179,0.056653666935101404,0.7477215505674635,0.8725274725274725,-0.5805101318584712
LMB,LMB | Discharge energy,Discharge energy,3,914,455,0.9956450756792384,0.995729730652463,0.9954050448785976,0.9957385289230744,0.9957585003543032,0.12068987847309415,0.4945054945054945,-0.42967334639583515
LMB,LMB | Energy density (VC route),Energy density (VC route),5,958,404,0.003866891519597092,0.0036984008089874,0.0036902076450721,0.00370067923485895,0.004029425659559681,0.3108543287944055,0.22524752475247525,-0.18304221656014305
LMB,LMB | Discharge voltage,Discharge voltage,7,958,404,0.0004144401216664938,0.0004159043596216,0.00041278079242092495,0.00041622864020954997,0.000409721473432054,0.5563286594515273,0.26732673267326734,-0.20994803799124417
LMB,LMB | Discharge capacity,Discharge capacity,4,958,404,0.13704832865289804,0.09619116847796655,0.07626492535772975,0.1013583312867408,0.28992969799578283,0.3391240897624773,0.15099009900990099,0.034248365821322624
LMB,LMB | Energy density (DE route),Energy density (DE route),6,958,404,0.542661202879097,0.5470129026988237,0.5355466468257669,0.5472789382445733,0.5445648890407373,0.06211610250974882,0.01485148514851485,-0.34736681630411337
LMB,LMB | Discharge energy,Discharge energy,3,958,404,0.9026519393195033,0.9026580108090928,0.902657897167852,0.9026667996617984,0.9026661506798946,0.80510000839824,0.5,0.5173084975527164
LMB,LMB | Energy density (VC route),Energy density (VC route),5,978,157,6.520219708307728e-05,7.24914776513977e-05,5.520342137191932e-05,7.253132810932652e-05,6.940104611215504e-05,0.43426714288974455,0.5668789808917197,-0.8061780156667678
LMB,LMB | Discharge voltage,Discharge voltage,7,978,157,0.03338650341009225,0.0333865036066648,0.0333865034652627,0.0333865064169484,0.033386476647173396,0.2820528558044864,0.9617834394904459,-0.7657706548907479
LMB,LMB | Discharge capacity,Discharge capacity,4,978,157,0.39884839707302233,0.4166628964080662,0.3663306347199955,0.4243382145261139,0.4317227691822242,0.9787476326103793,0.9617834394904459,0.8388567795857125
LMB,LMB | Energy density (DE route),Energy density (DE route),6,978,157,0.1644860330958348,0.2869778863676757,0.0024671725693833,0.2872922543625127,0.016387047536965724,0.2635075584153181,0.35668789808917195,0.815710495256515
LMB,LMB | Discharge energy,Discharge energy,3,978,157,0.9545093002840277,0.9559183186812068,0.9523333477500862,0.956446247930952,0.9561604273649926,0.9971318014442841,0.9745222929936306,0.9626391795315862
LMB,LMB | Energy density (VC route),Energy density (VC route),5,991,618,0.12444533295756187,0.124462623686601,0.1244426722099454,0.12455244581239135,0.12429807304988301,0.6830313171456703,0.7087378640776699,0.39447947325898336
LMB,LMB | Discharge voltage,Discharge voltage,7,991,618,0.0008026523088788693,0.0008017215982588,0.00079126572965115,0.000801906772468325,0.0007962911608890004,0.030832915736171897,0.040453074433656956,0.9088850593131115
LMB,LMB | Discharge capacity,Discharge capacity,4,991,618,0.39061956094663547,0.3905381985530022,0.3901930214846714,0.3905964754117908,0.49853588877933114,0.6808571314197969,0.20064724919093851,-0.4377127088082776
LMB,LMB | Energy density (DE route),Energy density (DE route),6,991,618,0.533831988428549,0.5492586396104823,0.5295055719214734,0.5522832038162182,0.734621923523201,0.552517476569349,0.1650485436893204,0.5817703315453311
LMB,LMB | Discharge energy,Discharge energy,3,991,618,0.6178090835895448,0.6210500754373314,0.6104187474364503,0.6212809184724715,0.6260663896646841,0.06246206374641084,0.006472491909385114,-0.9220983897772446
