dataset,weight_quintile,n_target_seed_units,mean_weight,sem_weight,mean_oracle_weight,oracle_weight_sem,mean_absolute_calibration_error,residual_win_fraction,residual_win_fraction_sem,residual_log2_gain_vs_direct,residual_log2_gain_sem,gate_log2_gain_vs_direct,gate_log2_gain_sem
LMB,1,250,0.35095848025709464,0.024840084083675485,0.42840280154093946,0.02285995777025983,0.38004850119851025,0.43913654975067445,0.023000238356924028,-0.3256813372378904,0.08703016358008878,0.019939518548421173,0.05520292617311366
LMB,2,250,0.381120600594735,0.025076514573201432,0.44504780305134306,0.02371461946561532,0.4235879879622082,0.4307880819586257,0.025439369314520514,-0.3107578945927258,0.08847961216790623,0.059872916517249124,0.061755127120679654
LMB,3,250,0.3947784037586795,0.025049307241639715,0.4568211011893073,0.024854712572704676,0.43910150291541405,0.4398449643589574,0.02636933483747385,-0.3650733170820217,0.0910758353167524,-0.050885439664569446,0.06582703055039041
LMB,4,250,0.4003513164542194,0.02506768754477146,0.4471244445634648,0.024603856819234604,0.43672284070181333,0.4384805343752594,0.02586189869616639,-0.3767144590093547,0.0908532468498431,-0.10338855963124045,0.06891916610898746
LMB,5,250,0.45089607400796705,0.025579102262899465,0.4664233465918707,0.023058898029211128,0.42259700754544083,0.4430226502648391,0.022526015925528442,-0.15212988866586574,0.074206639155177,0.053639312590710496,0.05278910077475768
SSE,1,150,0.19306148902654555,0.01935048647990902,0.3966221977744373,0.021697269037299967,0.29769377298678307,0.42183551746341164,0.018005153170002317,-0.2304824888114707,0.04720346709929826,0.024064711281516004,0.010831534599016639
SSE,2,150,0.2893967605140643,0.02373394967734194,0.431968487505472,0.01866359299190031,0.3061338903878376,0.43158549306649663,0.014795299045024827,-0.12325157659779752,0.03291661236116241,0.0011606268786484172,0.014540064749658906
SSE,3,150,0.347567755717379,0.025242674546610794,0.4775579404606964,0.01755148799532268,0.31850857081150813,0.4623228427891931,0.01330106258790235,-0.02546081871973146,0.02492707790528086,0.024130075174398313,0.01170078708827931
SSE,4,150,0.4090241130378794,0.025730967308669174,0.49715096312897666,0.01821769095789555,0.32204353745436537,0.4835599624185102,0.014133159719239494,-0.042763477370752596,0.026320939190760145,0.011819056145846808,0.012433951399320348
SSE,5,150,0.5511635676135919,0.026643716674765578,0.5143058027967472,0.020389554986882774,0.3292393608409862,0.5238214585382767,0.01704270251874875,-0.019565818164755847,0.04811272347581244,0.05092216796420225,0.03298852766032839
