"Supergroup","Dataset","Target_Label","Route","Global_Order","Tick_Y","OrdinaryStacking_Y","OrdinaryStacking_X","OrdinaryStacking_XErrMinus","OrdinaryStacking_XErrPlus","OrdinaryStacking_MainPlotX","OrdinaryStacking_MainPlotXErrMinus","OrdinaryStacking_MainPlotXErrPlus","OrdinaryStacking_ClipFlag","OrdinaryStacking_ClipLabel","PhysResStack_Y","PhysResStack_X","PhysResStack_XErrMinus","PhysResStack_XErrPlus","PhysResStack_MainPlotX","PhysResStack_MainPlotXErrMinus","PhysResStack_MainPlotXErrPlus","PhysResStack_ClipFlag","PhysResStack_ClipLabel","PhysicsGate_Y","PhysicsGate_X","PhysicsGate_XErrMinus","PhysicsGate_XErrPlus","PhysicsGate_MainPlotX","PhysicsGate_MainPlotXErrMinus","PhysicsGate_MainPlotXErrPlus","PhysicsGate_ClipFlag","PhysicsGate_ClipLabel"
"Materials","SSE","E_a","","1","15","14.8","-0.3653621290978039","0.40803234141166383","0.40345962233108373","-0.3653621290978039","0.40803234141166383","0.40345962233108373","","","15.2","-0.050192515820061324","0.22498112652408334","0.2249811265240833","-0.050192515820061324","0.22498112652408334","0.2249811265240833","","","15.0","0.11064550353541155","0.17205978987316844","0.15843680927326018","0.11064550353541155","0.17205978987316844","0.15843680927326018","",""
"Materials","SSE","ln sigma_0","","2","14","13.8","-0.05708638587551933","0.06612741319051811","0.059548911794430615","-0.05708638587551933","0.06612741319051811","0.059548911794430615","","","14.2","-0.006752858400837958","0.08174487439456722","0.09417559463374313","-0.006752858400837958","0.08174487439456722","0.09417559463374313","","","14.0","0.010278117381113217","0.016813790182914214","0.017139745333111533","0.010278117381113217","0.016813790182914214","0.017139745333111533","",""
"Materials","SSE","ln sigma T","","3","13","12.8","-0.22519435591329534","0.24069395458473636","0.24080984188408833","-0.22519435591329534","0.24069395458473636","0.24080984188408833","","","13.2","0.003990175041407087","0.11481189709357356","0.11141745297442254","0.003990175041407087","0.11481189709357356","0.11141745297442254","","","13.0","0.10938895190731115","0.05408724042446776","0.04751694719878266","0.10938895190731115","0.05408724042446776","0.04751694719878266","",""
"Materials","ESTM","Seebeck Coefficient","","4","12","11.8","0.03878368677889408","0.016336569623700444","0.015319221011537272","0.03878368677889408","0.016336569623700444","0.015319221011537272","","","12.2","0.09081790525294849","0.013209261106166478","0.01357339517937331","0.09081790525294849","0.013209261106166478","0.01357339517937331","","","12.0","0.1065957617832222","0.015004820078637723","0.014710722808423504","0.1065957617832222","0.015004820078637723","0.014710722808423504","",""
"Materials","ESTM","ZT","","5","11","10.8","0.048295636629359144","0.01022031600441977","0.010232401020827349","0.048295636629359144","0.01022031600441977","0.010232401020827349","","","11.2","0.13000368291986322","0.015035290049343203","0.015260950677816965","0.13000368291986322","0.015035290049343203","0.015260950677816965","","","11.0","0.15088323566225045","0.012863191615013564","0.01427007258975635","0.15088323566225045","0.012863191615013564","0.01427007258975635","",""
"Materials","ESTM","lg sigma_elec","","6","10","9.8","0.06368366950141037","0.01575091579547025","0.012915495667627327","0.06368366950141037","0.01575091579547025","0.012915495667627327","","","10.2","0.12059769418904408","0.036111387542925824","0.0321503178601978","0.12059769418904408","0.036111387542925824","0.0321503178601978","","","10.0","0.14755343158870818","0.030311705316249105","0.025623856807537093","0.14755343158870818","0.030311705316249105","0.025623856807537093","",""
"Materials","ESTM","lg kappa_thermal","","7","9","8.8","0.04373250129335833","0.007908792632687706","0.008195999680011536","0.04373250129335833","0.007908792632687706","0.008195999680011536","","","9.2","0.12474424305309469","0.012643310886436818","0.013887295878934766","0.12474424305309469","0.012643310886436818","0.013887295878934766","","","9.0","0.13717145720837506","0.01035966109546807","0.009402744146465664","0.13717145720837506","0.01035966109546807","0.009402744146465664","",""
"Devices","LMB","Discharge Energy","DE-DE","8","8","7.8","-0.6455017901433802","0.5135809742012973","0.5931356041456375","-0.6455017901433802","0.5135809742012973","0.5931356041456375","","","8.2","0.2789847268063859","1.0498290671975226","0.905402425850564","0.2789847268063859","1.0498290671975226","0.905402425850564","","","8.0","0.29685475441469894","1.46976862021227","1.0341385750847052","0.29685475441469894","1.46976862021227","1.0341385750847052","",""
"Devices","LMB","Discharge Capacity","VC-C","9","7","6.8","-0.09551726214827276","1.859041660937085","2.340187277839192","-0.09551726214827276","1.1044827378517272","1.5955172621482727","","","7.2","0.4349059321107064","0.6295127167005498","0.7615442532049453","0.4349059321107064","0.6295127167005498","0.7615442532049453","","","7.0","0.4041568208196544","0.6251023395304187","0.3540425857441749","0.4041568208196544","0.6251023395304187","0.3540425857441749","",""
"Devices","LMB","Energy Density (VC/m route)","VC-ED","10","6","5.8","-0.27340503330514887","0.2335298274094767","0.2091762323143817","-0.27340503330514887","0.2335298274094767","0.2091762323143817","","","6.2","-0.1642349880251072","0.4097089798035385","0.4202325937900899","-0.1642349880251072","0.4097089798035385","0.4202325937900899","","","6.0","0.14935553459107076","0.11145620725131176","0.14776352508141666","0.14935553459107076","0.11145620725131176","0.14776352508141666","",""
"Devices","LMB","Energy Density (DE/m route)","DE-ED","11","5","4.8","-0.27340503330514887","0.2140844071038434","0.19160970565927785","-0.27340503330514887","0.2140844071038434","0.19160970565927785","","","5.2","-0.17662573652173708","0.6475754992109429","0.48365398190920555","-0.17662573652173708","0.6475754992109429","0.48365398190920555","","","5.0","0.032724653957022565","0.027967753201045185","0.030595761442027997","0.032724653957022565","0.027967753201045185","0.030595761442027997","",""
"Devices","LMB","Discharge Voltage","VC-V","12","4","3.8","0.8678375788270036","0.2420147940707441","0.2444536473894312","0.8678375788270036","0.2420147940707441","0.2444536473894312","","","4.2","-0.3163246533757755","0.8168242084829407","0.4788625572250268","-0.3163246533757755","0.8168242084829407","0.4788625572250268","","","4.0","0.006152484581534241","0.003030115151482715","0.003158917938790317","0.006152484581534241","0.003030115151482715","0.003158917938790317","",""
"Devices","PV","FF","","13","3","2.8","0.0032373700370465163","0.0025717918860582644","0.002864654219891393","0.0032373700370465163","0.0025717918860582644","0.002864654219891393","","","3.2","0.0028904729886921323","0.00380507994364416","0.003569892696290297","0.0028904729886921323","0.00380507994364416","0.003569892696290297","","","3.0","0.0038933678060316763","0.0006240957835052844","0.000624095783505284","0.0038933678060316763","0.0006240957835052844","0.000624095783505284","",""
"Devices","PV","J_SC","","14","2","1.8","-0.006088292647750364","0.004344050853772725","0.0042426865525403605","-0.006088292647750364","0.004344050853772725","0.0042426865525403605","","","2.2","-0.004523962284097778","0.005022857821201146","0.004423506618790991","-0.004523962284097778","0.005022857821201146","0.004423506618790991","","","2.0","0.00028965952166393877","0.0009264840928873079","0.0009883144973953056","0.00028965952166393877","0.0009264840928873079","0.0009883144973953056","",""
"Devices","PV","PCE","","15","1","0.8","0.016351671659440563","0.0023685901852213715","0.0017471898486437556","0.016351671659440563","0.0023685901852213715","0.0017471898486437556","","","1.2","0.017240256493011023","0.0011783481148080754","0.0010167627434798723","0.017240256493011023","0.0011783481148080754","0.0010167627434798723","","","1.0","0.01757028848357408","0.0011302629407069914","0.0008329430673000848","0.01757028848357408","0.0011302629407069914","0.0008329430673000848","",""
"Devices","PV","V_OC","","16","0","-0.2","-0.0028544186963762584","0.0009211399929583536","0.0009211399929583539","-0.0028544186963762584","0.0009211399929583536","0.0009211399929583539","","","0.2","-0.0010311859494928264","0.00255636708542965","0.002153914511069272","-0.0010311859494928264","0.00255636708542965","0.002153914511069272","","","0.0","0.0009156124508547115","0.00042723849511113604","0.00042723849511113626","0.0009156124508547115","0.00042723849511113604","0.00042723849511113626","",""
