"Supergroup","Dataset","Target_Label","Route","Global_Order","Tick_Y","PhysicsOnly_Y","PhysicsOnly_X","PhysicsOnly_XErrMinus","PhysicsOnly_XErrPlus","PhysicsOnly_MainPlotX","PhysicsOnly_MainPlotXErrMinus","PhysicsOnly_MainPlotXErrPlus","PhysicsOnly_ClipFlag","PhysicsOnly_ClipLabel","ResidualOnly_Y","ResidualOnly_X","ResidualOnly_XErrMinus","ResidualOnly_XErrPlus","ResidualOnly_MainPlotX","ResidualOnly_MainPlotXErrMinus","ResidualOnly_MainPlotXErrPlus","ResidualOnly_ClipFlag","ResidualOnly_ClipLabel","PhysicsGate_Y","PhysicsGate_X","PhysicsGate_XErrMinus","PhysicsGate_XErrPlus","PhysicsGate_MainPlotX","PhysicsGate_MainPlotXErrMinus","PhysicsGate_MainPlotXErrPlus","PhysicsGate_ClipFlag","PhysicsGate_ClipLabel"
"Materials","SSE","E_a","","1","15","14.8","0.028720858906976843","0.2831168528590577","0.2715114603653197","0.028720858906976843","0.2831168528590577","0.2715114603653197","","","15.2","0.10680737630216804","0.2809432636872095","0.23190151584039032","0.10680737630216804","0.2809432636872095","0.23190151584039032","","","15.0","0.11064550353541155","0.17205978987316844","0.15843680927326018","0.11064550353541155","0.17205978987316844","0.15843680927326018","",""
"Materials","SSE","ln sigma_0","","2","14","13.8","-0.291120493423838","0.16251655527941672","0.14315455352765794","-0.291120493423838","0.16251655527941672","0.14315455352765794","","","14.2","-0.35847266525135224","0.28669109748678434","0.2758323835604252","-0.35847266525135224","0.28669109748678434","0.2758323835604252","","","14.0","0.010278117381113217","0.016813790182914214","0.017139745333111533","0.010278117381113217","0.016813790182914214","0.017139745333111533","",""
"Materials","SSE","ln sigma T","","3","13","12.8","0.09770746668566765","0.12712950857533675","0.12572425982965293","0.09770746668566765","0.12712950857533675","0.12572425982965293","","","13.2","0.08822405828681457","0.11411911280301179","0.10737877553588371","0.08822405828681457","0.11411911280301179","0.10737877553588371","","","13.0","0.10938895190731115","0.05408724042446776","0.04751694719878266","0.10938895190731115","0.05408724042446776","0.04751694719878266","",""
"Materials","ESTM","Seebeck Coefficient","","4","12","11.8","-1.1119633106262716","0.04214999024946242","0.045578909387134825","-1.1119633106262716","0.04214999024946242","0.045578909387134825","","","12.2","0.017740458363367923","0.02130395543368709","0.022058857811057726","0.017740458363367923","0.02130395543368709","0.022058857811057726","","","12.0","0.1065957617832222","0.015004820078637723","0.014710722808423504","0.1065957617832222","0.015004820078637723","0.014710722808423504","",""
"Materials","ESTM","ZT","","5","11","10.8","-0.44467463774694393","0.023192257454085707","0.021079152117030042","-0.44467463774694393","0.023192257454085707","0.021079152117030042","","","11.2","0.11807890887024115","0.025258583655229275","0.023905817456213077","0.11807890887024115","0.025258583655229275","0.023905817456213077","","","11.0","0.15088323566225045","0.012863191615013564","0.01427007258975635","0.15088323566225045","0.012863191615013564","0.01427007258975635","",""
"Materials","ESTM","lg sigma_elec","","6","10","9.8","-1.7474705824269654","0.09160449400972603","0.09793010456508622","-1.1055","0.0","0.0","low","-1.75","10.2","0.05720164556946402","0.061198266515514424","0.05708955883993221","0.05720164556946402","0.061198266515514424","0.05708955883993221","","","10.0","0.14755343158870818","0.030311705316249105","0.025623856807537093","0.14755343158870818","0.030311705316249105","0.025623856807537093","",""
"Materials","ESTM","lg kappa_thermal","","7","9","8.8","-2.266069774465113","0.0639382021829098","0.05741401855560602","-1.1055","0.0","0.0","low","-2.27","9.2","0.08862086347432067","0.0276496152469324","0.02326022715779076","0.08862086347432067","0.0276496152469324","0.02326022715779076","","","9.0","0.13717145720837506","0.01035966109546807","0.009402744146465664","0.13717145720837506","0.01035966109546807","0.009402744146465664","",""
"Devices","LMB","Discharge Energy","DE-DE","8","8","7.8","0.3557829502004486","0.7099785321589701","0.7594439147965439","0.3557829502004486","0.7099785321589701","0.7594439147965439","","","8.2","0.15018362281047618","1.320703192950952","0.8404598868303917","0.15018362281047618","1.320703192950952","0.8404598868303917","","","8.0","0.29685475441469894","1.46976862021227","1.0341385750847052","0.29685475441469894","1.46976862021227","1.0341385750847052","",""
"Devices","LMB","Discharge Capacity","VC-C","9","7","6.8","-0.2549208301194294","0.4770479492020589","0.38009286961363087","-0.2549208301194294","0.4770479492020589","0.38009286961363087","","","7.2","0.45979849245345983","0.8502837583930462","0.7967158762056702","0.45979849245345983","0.8502837583930462","0.7967158762056702","","","7.0","0.4041568208196544","0.6251023395304187","0.3540425857441749","0.4041568208196544","0.6251023395304187","0.3540425857441749","",""
"Devices","LMB","Energy Density (VC/m route)","VC-ED","10","6","5.8","-1.2030147987007151","0.3594344997059853","0.4595077924741955","-1.1055","0.0","0.0","low","-1.20","6.2","0.09385098770757347","0.3278641991602527","0.2847283490132805","0.09385098770757347","0.3278641991602527","0.2847283490132805","","","6.0","0.14935553459107076","0.11145620725131176","0.14776352508141666","0.14935553459107076","0.11145620725131176","0.14776352508141666","",""
"Devices","LMB","Energy Density (DE/m route)","DE-ED","11","5","4.8","-1.67396959403426","1.5227047965684832","1.241722462250215","-1.1055","0.0","0.0","low","-1.67","5.2","-0.25389879792431996","0.5434398102967011","0.3968284052799439","-0.25389879792431996","0.5434398102967011","0.3968284052799439","","","5.0","0.032724653957022565","0.027967753201045185","0.030595761442027997","0.032724653957022565","0.027967753201045185","0.030595761442027997","",""
"Devices","LMB","Discharge Voltage","VC-V","12","4","3.8","-1.285269734518233","0.8610295943026705","0.7413990448604244","-1.1055","0.0","0.0","low","-1.29","4.2","-0.27149951604925676","0.8563182642547533","0.6307652298054687","-0.27149951604925676","0.8563182642547533","0.6307652298054687","","","4.0","0.006152484581534241","0.003030115151482715","0.003158917938790317","0.006152484581534241","0.003030115151482715","0.003158917938790317","",""
"Devices","PV","FF","","13","3","2.8","-1.123961420170824","0.05211766353392533","0.06397146098075734","-1.123961420170824","0.05211766353392533","0.06397146098075734","","","3.2","0.003432947026145315","0.0011846054390484704","0.0011442696800115031","0.003432947026145315","0.0011846054390484704","0.0011442696800115031","","","3.0","0.0038933678060316763","0.0006240957835052844","0.000624095783505284","0.0038933678060316763","0.0006240957835052844","0.000624095783505284","",""
"Devices","PV","J_SC","","14","2","1.8","-0.3995292515389701","0.2822326151557879","0.15302465706966198","-0.3995292515389701","0.2822326151557879","0.15302465706966198","","","2.2","-0.006267205560484881","0.004856966149327422","0.0047658430748636","-0.006267205560484881","0.004856966149327422","0.0047658430748636","","","2.0","0.00028965952166393877","0.0009264840928873079","0.0009883144973953056","0.00028965952166393877","0.0009264840928873079","0.0009883144973953056","",""
"Devices","PV","PCE","","15","1","0.8","-0.05129483034538066","0.007586220986613747","0.00758622098661374","-0.05129483034538066","0.007586220986613747","0.00758622098661374","","","1.2","0.014724941351892753","0.0010680486188539527","0.0009632837773054757","0.014724941351892753","0.0010680486188539527","0.0009632837773054757","","","1.0","0.01757028848357408","0.0011302629407069914","0.0008329430673000848","0.01757028848357408","0.0011302629407069914","0.0008329430673000848","",""
"Devices","PV","V_OC","","16","0","-0.2","-0.983939671774652","0.2234446617856083","0.22344466178560818","-0.983939671774652","0.21606032822534793","0.22344466178560818","","","0.2","2.3053036708695455e-05","0.0008937062243397643","0.0006393229736442964","2.3053036708695455e-05","0.0008937062243397643","0.0006393229736442964","","","0.0","0.0009156124508547115","0.00042723849511113604","0.00042723849511113626","0.0009156124508547115","0.00042723849511113604","0.00042723849511113626","",""
