dataset,target_id,target_display,target_order,feature_set,mean_log2_gain,std_log2_gain,win_count,n_seeds
ESTM,ESTM | $ZT$,$ZT$,1,R1,0.13967438170671992,0.01519236368538151,50,50
ESTM,ESTM | $ZT$,$ZT$,1,R1+R2,0.14051081505428312,0.013935377379039634,50,50
ESTM,ESTM | $ZT$,$ZT$,1,R1+R2+R3,0.14276386753065023,0.013918308132449915,50,50
ESTM,ESTM | $ZT$,$ZT$,1,R1+R3,0.14182189098231715,0.014414922204548476,50,50
ESTM,ESTM | $ZT$,$ZT$,1,R2,0.12764800044440944,0.020525836620963,50,50
ESTM,ESTM | $ZT$,$ZT$,1,R2+R3,0.1343286938273161,0.021078971809739104,50,50
ESTM,ESTM | $ZT$,$ZT$,1,R3,0.134122695636324,0.02000432908993985,50,50
ESTM,ESTM | $\lg \kappa_{\rm thermal}$,$\lg \kappa_{\rm thermal}$,3,R1,0.12541902398754273,0.012142442722463433,50,50
ESTM,ESTM | $\lg \kappa_{\rm thermal}$,$\lg \kappa_{\rm thermal}$,3,R1+R2,0.12541902398754273,0.012142442722463433,50,50
ESTM,ESTM | $\lg \kappa_{\rm thermal}$,$\lg \kappa_{\rm thermal}$,3,R1+R2+R3,0.1265934732894331,0.013165264922333896,50,50
ESTM,ESTM | $\lg \kappa_{\rm thermal}$,$\lg \kappa_{\rm thermal}$,3,R1+R3,0.1265934732894331,0.013165264922333896,50,50
ESTM,ESTM | $\lg \kappa_{\rm thermal}$,$\lg \kappa_{\rm thermal}$,3,R2,0.1052824133123431,0.011674114422669118,50,50
ESTM,ESTM | $\lg \kappa_{\rm thermal}$,$\lg \kappa_{\rm thermal}$,3,R2+R3,0.11382886323605701,0.012807495054160161,50,50
ESTM,ESTM | $\lg \kappa_{\rm thermal}$,$\lg \kappa_{\rm thermal}$,3,R3,0.11382886323605701,0.012807495054160161,50,50
ESTM,ESTM | $\lg \sigma_{\rm elec}$,$\lg \sigma_{\rm elec}$,2,R1,0.1425879502456346,0.027459318536104275,50,50
ESTM,ESTM | $\lg \sigma_{\rm elec}$,$\lg \sigma_{\rm elec}$,2,R1+R2,0.1425879502456346,0.027459318536104275,50,50
ESTM,ESTM | $\lg \sigma_{\rm elec}$,$\lg \sigma_{\rm elec}$,2,R1+R2+R3,0.1448261167273324,0.029695056600730352,50,50
ESTM,ESTM | $\lg \sigma_{\rm elec}$,$\lg \sigma_{\rm elec}$,2,R1+R3,0.1448261167273324,0.029695056600730352,50,50
ESTM,ESTM | $\lg \sigma_{\rm elec}$,$\lg \sigma_{\rm elec}$,2,R2,0.12498861725773118,0.02978195546148577,50,50
ESTM,ESTM | $\lg \sigma_{\rm elec}$,$\lg \sigma_{\rm elec}$,2,R2+R3,0.13914534681506413,0.030299271032842127,50,50
ESTM,ESTM | $\lg \sigma_{\rm elec}$,$\lg \sigma_{\rm elec}$,2,R3,0.13914534681506413,0.030299271032842134,50,50
ESTM,ESTM | Seebeck coefficient,Seebeck coefficient,0,R1,0.10465310558043703,0.01911866553836784,50,50
ESTM,ESTM | Seebeck coefficient,Seebeck coefficient,0,R1+R2,0.10465310558043703,0.01911866553836783,50,50
ESTM,ESTM | Seebeck coefficient,Seebeck coefficient,0,R1+R2+R3,0.10509834349474267,0.018602554141837327,50,50
ESTM,ESTM | Seebeck coefficient,Seebeck coefficient,0,R1+R3,0.10509834349474267,0.018602554141837327,50,50
ESTM,ESTM | Seebeck coefficient,Seebeck coefficient,0,R2,0.07703796726148464,0.02004021213253041,50,50
ESTM,ESTM | Seebeck coefficient,Seebeck coefficient,0,R2+R3,0.07938051031103247,0.019563587826985494,50,50
ESTM,ESTM | Seebeck coefficient,Seebeck coefficient,0,R3,0.07938051031103247,0.01956358782698549,50,50
PV,PV | $J_{\rm SC}$,$J_{\rm SC}$,5,R1,0.0016376864017944518,0.0016153302115683586,46,50
PV,PV | $J_{\rm SC}$,$J_{\rm SC}$,5,R1+R2,0.0016376864017944518,0.0016153302115683586,46,50
PV,PV | $J_{\rm SC}$,$J_{\rm SC}$,5,R1+R2+R3,0.001871797287673562,0.003153319354591791,46,50
PV,PV | $J_{\rm SC}$,$J_{\rm SC}$,5,R1+R3,0.001871797287673562,0.003153319354591791,46,50
PV,PV | $J_{\rm SC}$,$J_{\rm SC}$,5,R2,0.002194138340750355,0.0016494922554931527,48,50
PV,PV | $J_{\rm SC}$,$J_{\rm SC}$,5,R2+R3,0.0024279940912624817,0.0019216648655336638,49,50
PV,PV | $J_{\rm SC}$,$J_{\rm SC}$,5,R3,0.0024279940912624817,0.0019216648655336638,49,50
PV,PV | $V_{\rm OC}$,$V_{\rm OC}$,7,R1,0.0006747663079882185,0.0003854285108728602,50,50
PV,PV | $V_{\rm OC}$,$V_{\rm OC}$,7,R1+R2,0.0006747663079882185,0.0003854285108728602,50,50
PV,PV | $V_{\rm OC}$,$V_{\rm OC}$,7,R1+R2+R3,0.0006613849663978442,0.00039671127986760116,50,50
PV,PV | $V_{\rm OC}$,$V_{\rm OC}$,7,R1+R3,0.0006613849663978442,0.00039671127986760116,50,50
PV,PV | $V_{\rm OC}$,$V_{\rm OC}$,7,R2,0.00047297084416590473,0.0003661488481421318,46,50
PV,PV | $V_{\rm OC}$,$V_{\rm OC}$,7,R2+R3,0.0004887413902334607,0.00038448083663332553,47,50
PV,PV | $V_{\rm OC}$,$V_{\rm OC}$,7,R3,0.0004887413902334607,0.00038448083663332553,47,50
PV,PV | FF,FF,4,R1,0.003780109150702086,0.0013813410408793603,50,50
PV,PV | FF,FF,4,R1+R2,0.003780109150702086,0.0013813410408793603,50,50
PV,PV | FF,FF,4,R1+R2+R3,0.003785354769135558,0.0014347939461970699,50,50
PV,PV | FF,FF,4,R1+R3,0.003785354769135558,0.0014347939461970699,50,50
PV,PV | FF,FF,4,R2,0.0037405276058477344,0.001230332437155257,50,50
PV,PV | FF,FF,4,R2+R3,0.0037240856506503355,0.0012504092049223545,50,50
PV,PV | FF,FF,4,R3,0.0037240856506503355,0.0012504092049223545,50,50
PV,PV | PCE,PCE,6,R1,0.010103565855186201,0.005993923575828796,46,50
PV,PV | PCE,PCE,6,R1+R2,0.011933535317155353,0.004553560012126299,48,50
PV,PV | PCE,PCE,6,R1+R2+R3,0.011966802152847051,0.004558917812161236,48,50
PV,PV | PCE,PCE,6,R1+R3,0.010125224204395203,0.005962058807761954,46,50
PV,PV | PCE,PCE,6,R2,0.012522716117519905,0.003891523568283478,50,50
PV,PV | PCE,PCE,6,R2+R3,0.012524579287485032,0.0038803670170319527,50,50
PV,PV | PCE,PCE,6,R3,0.010845521648108609,0.004580060291291141,49,50
