"dataset","target_id","target_display","target_order","seed","n_test","mean_weight"
"ESTM","ESTM | Seebeck coefficient","Seebeck coefficient","0","1008","5186","0.7950534726418496"
"ESTM","ESTM | $\lg \sigma_{\rm elec}$","$\lg \sigma_{\rm elec}$","2","1008","5186","0.754749775834444"
"ESTM","ESTM | $\lg \kappa_{\rm thermal}$","$\lg \kappa_{\rm thermal}$","3","1008","5186","0.4951729073098309"
"ESTM","ESTM | $ZT$","$ZT$","1","1008","5186","0.8001332030549095"
"ESTM","ESTM | Seebeck coefficient","Seebeck coefficient","0","1101","5186","0.8606190639297215"
"ESTM","ESTM | $\lg \sigma_{\rm elec}$","$\lg \sigma_{\rm elec}$","2","1101","5186","0.810607996162509"
"ESTM","ESTM | $\lg \kappa_{\rm thermal}$","$\lg \kappa_{\rm thermal}$","3","1101","5186","0.6071814292734828"
"ESTM","ESTM | $ZT$","$ZT$","1","1101","5186","0.7390743256738543"
"ESTM","ESTM | Seebeck coefficient","Seebeck coefficient","0","1165","5186","0.8367631430453593"
"ESTM","ESTM | $\lg \sigma_{\rm elec}$","$\lg \sigma_{\rm elec}$","2","1165","5186","0.839707556675897"
"ESTM","ESTM | $\lg \kappa_{\rm thermal}$","$\lg \kappa_{\rm thermal}$","3","1165","5186","0.648144963339654"
"ESTM","ESTM | $ZT$","$ZT$","1","1165","5186","0.7797897252143635"
"ESTM","ESTM | Seebeck coefficient","Seebeck coefficient","0","1255","5186","0.832729664480669"
"ESTM","ESTM | $\lg \sigma_{\rm elec}$","$\lg \sigma_{\rm elec}$","2","1255","5186","0.7483168463537533"
"ESTM","ESTM | $\lg \kappa_{\rm thermal}$","$\lg \kappa_{\rm thermal}$","3","1255","5186","0.6805840623515824"
"ESTM","ESTM | $ZT$","$ZT$","1","1255","5186","0.7892346983650352"
"ESTM","ESTM | Seebeck coefficient","Seebeck coefficient","0","1308","5186","0.7643846230043708"
"ESTM","ESTM | $\lg \sigma_{\rm elec}$","$\lg \sigma_{\rm elec}$","2","1308","5186","0.7845857890379357"
"ESTM","ESTM | $\lg \kappa_{\rm thermal}$","$\lg \kappa_{\rm thermal}$","3","1308","5186","0.634807485054217"
"ESTM","ESTM | $ZT$","$ZT$","1","1308","5186","0.8018272016191047"
"ESTM","ESTM | Seebeck coefficient","Seebeck coefficient","0","1333","5186","0.8510650162017386"
"ESTM","ESTM | $\lg \sigma_{\rm elec}$","$\lg \sigma_{\rm elec}$","2","1333","5186","0.8033406659850576"
"ESTM","ESTM | $\lg \kappa_{\rm thermal}$","$\lg \kappa_{\rm thermal}$","3","1333","5186","0.6467035067626715"
"ESTM","ESTM | $ZT$","$ZT$","1","1333","5186","0.8090756812173672"
"ESTM","ESTM | Seebeck coefficient","Seebeck coefficient","0","134","5186","0.8426582891502966"
"ESTM","ESTM | $\lg \sigma_{\rm elec}$","$\lg \sigma_{\rm elec}$","2","134","5186","0.8142695585123507"
"ESTM","ESTM | $\lg \kappa_{\rm thermal}$","$\lg \kappa_{\rm thermal}$","3","134","5186","0.5518377722565605"
"ESTM","ESTM | $ZT$","$ZT$","1","134","5186","0.8029457681704801"
"ESTM","ESTM | Seebeck coefficient","Seebeck coefficient","0","1454","5186","0.837387355656994"
"ESTM","ESTM | $\lg \sigma_{\rm elec}$","$\lg \sigma_{\rm elec}$","2","1454","5186","0.7110155671611175"
"ESTM","ESTM | $\lg \kappa_{\rm thermal}$","$\lg \kappa_{\rm thermal}$","3","1454","5186","0.49075005831855995"
"ESTM","ESTM | $ZT$","$ZT$","1","1454","5186","0.7265102212731884"
"ESTM","ESTM | Seebeck coefficient","Seebeck coefficient","0","1483","5186","0.8693062600494054"
"ESTM","ESTM | $\lg \sigma_{\rm elec}$","$\lg \sigma_{\rm elec}$","2","1483","5186","0.8417666775495647"
"ESTM","ESTM | $\lg \kappa_{\rm thermal}$","$\lg \kappa_{\rm thermal}$","3","1483","5186","0.6652458017577283"
"ESTM","ESTM | $ZT$","$ZT$","1","1483","5186","0.7341980004139478"
"ESTM","ESTM | Seebeck coefficient","Seebeck coefficient","0","1568","5186","0.8368150466489749"
"ESTM","ESTM | $\lg \sigma_{\rm elec}$","$\lg \sigma_{\rm elec}$","2","1568","5186","0.7077420893195934"
"ESTM","ESTM | $\lg \kappa_{\rm thermal}$","$\lg \kappa_{\rm thermal}$","3","1568","5186","0.618608921989687"
"ESTM","ESTM | $ZT$","$ZT$","1","1568","5186","0.812920872462821"
"ESTM","ESTM | Seebeck coefficient","Seebeck coefficient","0","1600","5186","0.8739468838521116"
"ESTM","ESTM | $\lg \sigma_{\rm elec}$","$\lg \sigma_{\rm elec}$","2","1600","5186","0.8141898862523296"
"ESTM","ESTM | $\lg \kappa_{\rm thermal}$","$\lg \kappa_{\rm thermal}$","3","1600","5186","0.6501316693214841"
"ESTM","ESTM | $ZT$","$ZT$","1","1600","5186","0.8316635619838251"
"ESTM","ESTM | Seebeck coefficient","Seebeck coefficient","0","1721","5186","0.8166977426225869"
"ESTM","ESTM | $\lg \sigma_{\rm elec}$","$\lg \sigma_{\rm elec}$","2","1721","5186","0.7930685238106595"
"ESTM","ESTM | $\lg \kappa_{\rm thermal}$","$\lg \kappa_{\rm thermal}$","3","1721","5186","0.601950760807449"
"ESTM","ESTM | $ZT$","$ZT$","1","1721","5186","0.8280994459416016"
"ESTM","ESTM | Seebeck coefficient","Seebeck coefficient","0","178","5186","0.8775386029242974"
"ESTM","ESTM | $\lg \sigma_{\rm elec}$","$\lg \sigma_{\rm elec}$","2","178","5186","0.7914686526059453"
"ESTM","ESTM | $\lg \kappa_{\rm thermal}$","$\lg \kappa_{\rm thermal}$","3","178","5186","0.645574005129406"
"ESTM","ESTM | $ZT$","$ZT$","1","178","5186","0.8186165740889326"
"ESTM","ESTM | Seebeck coefficient","Seebeck coefficient","0","1785","5186","0.8178678931750266"
"ESTM","ESTM | $\lg \sigma_{\rm elec}$","$\lg \sigma_{\rm elec}$","2","1785","5186","0.7034828135813854"
"ESTM","ESTM | $\lg \kappa_{\rm thermal}$","$\lg \kappa_{\rm thermal}$","3","1785","5186","0.6438283924052092"
"ESTM","ESTM | $ZT$","$ZT$","1","1785","5186","0.831645601018192"
"ESTM","ESTM | Seebeck coefficient","Seebeck coefficient","0","1864","5186","0.854694466521542"
"ESTM","ESTM | $\lg \sigma_{\rm elec}$","$\lg \sigma_{\rm elec}$","2","1864","5186","0.6888783310535266"
"ESTM","ESTM | $\lg \kappa_{\rm thermal}$","$\lg \kappa_{\rm thermal}$","3","1864","5186","0.6545897692900743"
"ESTM","ESTM | $ZT$","$ZT$","1","1864","5186","0.7484305210777598"
"ESTM","ESTM | Seebeck coefficient","Seebeck coefficient","0","1904","5186","0.834334725092744"
"ESTM","ESTM | $\lg \sigma_{\rm elec}$","$\lg \sigma_{\rm elec}$","2","1904","5186","0.7757364957069126"
"ESTM","ESTM | $\lg \kappa_{\rm thermal}$","$\lg \kappa_{\rm thermal}$","3","1904","5186","0.6428031085210921"
"ESTM","ESTM | $ZT$","$ZT$","1","1904","5186","0.8161822247264443"
"ESTM","ESTM | Seebeck coefficient","Seebeck coefficient","0","1949","5186","0.8847119220774783"
"ESTM","ESTM | $\lg \sigma_{\rm elec}$","$\lg \sigma_{\rm elec}$","2","1949","5186","0.7551671985198141"
"ESTM","ESTM | $\lg \kappa_{\rm thermal}$","$\lg \kappa_{\rm thermal}$","3","1949","5186","0.7372611442623421"
"ESTM","ESTM | $ZT$","$ZT$","1","1949","5186","0.7992632627865539"
"ESTM","ESTM | Seebeck coefficient","Seebeck coefficient","0","2010","5186","0.8267643521345558"
"ESTM","ESTM | $\lg \sigma_{\rm elec}$","$\lg \sigma_{\rm elec}$","2","2010","5186","0.7781873866327055"
"ESTM","ESTM | $\lg \kappa_{\rm thermal}$","$\lg \kappa_{\rm thermal}$","3","2010","5186","0.666084183689533"
"ESTM","ESTM | $ZT$","$ZT$","1","2010","5186","0.7835039770462099"
"ESTM","ESTM | Seebeck coefficient","Seebeck coefficient","0","2024","5186","0.8310129040113001"
"ESTM","ESTM | $\lg \sigma_{\rm elec}$","$\lg \sigma_{\rm elec}$","2","2024","5186","0.7734598452542898"
"ESTM","ESTM | $\lg \kappa_{\rm thermal}$","$\lg \kappa_{\rm thermal}$","3","2024","5186","0.6719583929465442"
"ESTM","ESTM | $ZT$","$ZT$","1","2024","5186","0.8211599326711007"
"ESTM","ESTM | Seebeck coefficient","Seebeck coefficient","0","2133","5186","0.8517566875820414"
"ESTM","ESTM | $\lg \sigma_{\rm elec}$","$\lg \sigma_{\rm elec}$","2","2133","5186","0.7407156273296565"
"ESTM","ESTM | $\lg \kappa_{\rm thermal}$","$\lg \kappa_{\rm thermal}$","3","2133","5186","0.6461916934243896"
"ESTM","ESTM | $ZT$","$ZT$","1","2133","5186","0.8304411732771612"
"ESTM","ESTM | Seebeck coefficient","Seebeck coefficient","0","2152","5186","0.7634733654859597"
"ESTM","ESTM | $\lg \sigma_{\rm elec}$","$\lg \sigma_{\rm elec}$","2","2152","5186","0.7935301948238451"
"ESTM","ESTM | $\lg \kappa_{\rm thermal}$","$\lg \kappa_{\rm thermal}$","3","2152","5186","0.6842965801674159"
"ESTM","ESTM | $ZT$","$ZT$","1","2152","5186","0.7885373878300314"
"ESTM","ESTM | Seebeck coefficient","Seebeck coefficient","0","2256","5186","0.7466912852433852"
"ESTM","ESTM | $\lg \sigma_{\rm elec}$","$\lg \sigma_{\rm elec}$","2","2256","5186","0.6832708795250647"
"ESTM","ESTM | $\lg \kappa_{\rm thermal}$","$\lg \kappa_{\rm thermal}$","3","2256","5186","0.6537736892206819"
"ESTM","ESTM | $ZT$","$ZT$","1","2256","5186","0.720021339607349"
"ESTM","ESTM | Seebeck coefficient","Seebeck coefficient","0","2267","5186","0.819729640372114"
"ESTM","ESTM | $\lg \sigma_{\rm elec}$","$\lg \sigma_{\rm elec}$","2","2267","5186","0.8022473565567355"
"ESTM","ESTM | $\lg \kappa_{\rm thermal}$","$\lg \kappa_{\rm thermal}$","3","2267","5186","0.6412920388000702"
"ESTM","ESTM | $ZT$","$ZT$","1","2267","5186","0.8109487942506187"
"ESTM","ESTM | Seebeck coefficient","Seebeck coefficient","0","2352","5186","0.797423061963317"
"ESTM","ESTM | $\lg \sigma_{\rm elec}$","$\lg \sigma_{\rm elec}$","2","2352","5186","0.8021436894352724"
"ESTM","ESTM | $\lg \kappa_{\rm thermal}$","$\lg \kappa_{\rm thermal}$","3","2352","5186","0.6625774457620086"
"ESTM","ESTM | $ZT$","$ZT$","1","2352","5186","0.7883406596124396"
"ESTM","ESTM | Seebeck coefficient","Seebeck coefficient","0","237","5186","0.8615669911738911"
"ESTM","ESTM | $\lg \sigma_{\rm elec}$","$\lg \sigma_{\rm elec}$","2","237","5186","0.6994389327183721"
"ESTM","ESTM | $\lg \kappa_{\rm thermal}$","$\lg \kappa_{\rm thermal}$","3","237","5186","0.7036202650027965"
"ESTM","ESTM | $ZT$","$ZT$","1","237","5186","0.7175027610553224"
"ESTM","ESTM | Seebeck coefficient","Seebeck coefficient","0","2431","5186","0.8919720315022862"
"ESTM","ESTM | $\lg \sigma_{\rm elec}$","$\lg \sigma_{\rm elec}$","2","2431","5186","0.7515051553844307"
"ESTM","ESTM | $\lg \kappa_{\rm thermal}$","$\lg \kappa_{\rm thermal}$","3","2431","5186","0.5515443435328765"
"ESTM","ESTM | $ZT$","$ZT$","1","2431","5186","0.8024739156129471"
"ESTM","ESTM | Seebeck coefficient","Seebeck coefficient","0","2504","5186","0.8352814707618579"
"ESTM","ESTM | $\lg \sigma_{\rm elec}$","$\lg \sigma_{\rm elec}$","2","2504","5186","0.7832441622436301"
"ESTM","ESTM | $\lg \kappa_{\rm thermal}$","$\lg \kappa_{\rm thermal}$","3","2504","5186","0.6512054548288335"
"ESTM","ESTM | $ZT$","$ZT$","1","2504","5186","0.8309345790807114"
"ESTM","ESTM | Seebeck coefficient","Seebeck coefficient","0","2556","5186","0.8767876861790567"
"ESTM","ESTM | $\lg \sigma_{\rm elec}$","$\lg \sigma_{\rm elec}$","2","2556","5186","0.7436328597248617"
"ESTM","ESTM | $\lg \kappa_{\rm thermal}$","$\lg \kappa_{\rm thermal}$","3","2556","5186","0.5701968481619334"
"ESTM","ESTM | $ZT$","$ZT$","1","2556","5186","0.7148343222231299"
"ESTM","ESTM | Seebeck coefficient","Seebeck coefficient","0","2666","5186","0.8462954900870568"
"ESTM","ESTM | $\lg \sigma_{\rm elec}$","$\lg \sigma_{\rm elec}$","2","2666","5186","0.8633910080318387"
"ESTM","ESTM | $\lg \kappa_{\rm thermal}$","$\lg \kappa_{\rm thermal}$","3","2666","5186","0.6338628370469459"
"ESTM","ESTM | $ZT$","$ZT$","1","2666","5186","0.8367320296196672"
"ESTM","ESTM | Seebeck coefficient","Seebeck coefficient","0","2683","5186","0.8735627296698757"
"ESTM","ESTM | $\lg \sigma_{\rm elec}$","$\lg \sigma_{\rm elec}$","2","2683","5186","0.7395155640257836"
"ESTM","ESTM | $\lg \kappa_{\rm thermal}$","$\lg \kappa_{\rm thermal}$","3","2683","5186","0.6783575026889938"
"ESTM","ESTM | $ZT$","$ZT$","1","2683","5186","0.8286524969034769"
"ESTM","ESTM | Seebeck coefficient","Seebeck coefficient","0","2739","5186","0.8260969837871759"
"ESTM","ESTM | $\lg \sigma_{\rm elec}$","$\lg \sigma_{\rm elec}$","2","2739","5186","0.778767457811142"
"ESTM","ESTM | $\lg \kappa_{\rm thermal}$","$\lg \kappa_{\rm thermal}$","3","2739","5186","0.6298723473421509"
"ESTM","ESTM | $ZT$","$ZT$","1","2739","5186","0.8160332307991446"
"ESTM","ESTM | Seebeck coefficient","Seebeck coefficient","0","2854","5186","0.6927224254330081"
"ESTM","ESTM | $\lg \sigma_{\rm elec}$","$\lg \sigma_{\rm elec}$","2","2854","5186","0.8431495423471816"
"ESTM","ESTM | $\lg \kappa_{\rm thermal}$","$\lg \kappa_{\rm thermal}$","3","2854","5186","0.6453329435642758"
"ESTM","ESTM | $ZT$","$ZT$","1","2854","5186","0.7593308887256048"
"ESTM","ESTM | Seebeck coefficient","Seebeck coefficient","0","2926","5186","0.876787408749836"
"ESTM","ESTM | $\lg \sigma_{\rm elec}$","$\lg \sigma_{\rm elec}$","2","2926","5186","0.7838232843105241"
"ESTM","ESTM | $\lg \kappa_{\rm thermal}$","$\lg \kappa_{\rm thermal}$","3","2926","5186","0.660990910508707"
"ESTM","ESTM | $ZT$","$ZT$","1","2926","5186","0.7778155624937956"
"ESTM","ESTM | Seebeck coefficient","Seebeck coefficient","0","3000","5186","0.7626232434113304"
"ESTM","ESTM | $\lg \sigma_{\rm elec}$","$\lg \sigma_{\rm elec}$","2","3000","5186","0.8133767959263625"
"ESTM","ESTM | $\lg \kappa_{\rm thermal}$","$\lg \kappa_{\rm thermal}$","3","3000","5186","0.6144170248228719"
"ESTM","ESTM | $ZT$","$ZT$","1","3000","5186","0.7758770138947935"
"ESTM","ESTM | Seebeck coefficient","Seebeck coefficient","0","325","5186","0.8527588017993327"
"ESTM","ESTM | $\lg \sigma_{\rm elec}$","$\lg \sigma_{\rm elec}$","2","325","5186","0.7637489105427735"
"ESTM","ESTM | $\lg \kappa_{\rm thermal}$","$\lg \kappa_{\rm thermal}$","3","325","5186","0.7146813394666739"
"ESTM","ESTM | $ZT$","$ZT$","1","325","5186","0.7853669288839211"
"ESTM","ESTM | Seebeck coefficient","Seebeck coefficient","0","34","5186","0.7783364177601234"
"ESTM","ESTM | $\lg \sigma_{\rm elec}$","$\lg \sigma_{\rm elec}$","2","34","5186","0.7480500249203442"
"ESTM","ESTM | $\lg \kappa_{\rm thermal}$","$\lg \kappa_{\rm thermal}$","3","34","5186","0.6352370509010329"
"ESTM","ESTM | $ZT$","$ZT$","1","34","5186","0.8000882231473313"
"ESTM","ESTM | Seebeck coefficient","Seebeck coefficient","0","365","5186","0.8774802405233314"
"ESTM","ESTM | $\lg \sigma_{\rm elec}$","$\lg \sigma_{\rm elec}$","2","365","5186","0.7776177671595839"
"ESTM","ESTM | $\lg \kappa_{\rm thermal}$","$\lg \kappa_{\rm thermal}$","3","365","5186","0.6255969838233465"
"ESTM","ESTM | $ZT$","$ZT$","1","365","5186","0.719884149757569"
"ESTM","ESTM | Seebeck coefficient","Seebeck coefficient","0","4","5186","0.8341443245645062"
"ESTM","ESTM | $\lg \sigma_{\rm elec}$","$\lg \sigma_{\rm elec}$","2","4","5186","0.6975062145704195"
"ESTM","ESTM | $\lg \kappa_{\rm thermal}$","$\lg \kappa_{\rm thermal}$","3","4","5186","0.6414013672919108"
"ESTM","ESTM | $ZT$","$ZT$","1","4","5186","0.7261014480825959"
"ESTM","ESTM | Seebeck coefficient","Seebeck coefficient","0","42","5186","0.8327801985496173"
"ESTM","ESTM | $\lg \sigma_{\rm elec}$","$\lg \sigma_{\rm elec}$","2","42","5186","0.6849442343028397"
"ESTM","ESTM | $\lg \kappa_{\rm thermal}$","$\lg \kappa_{\rm thermal}$","3","42","5186","0.6186096105175324"
"ESTM","ESTM | $ZT$","$ZT$","1","42","5186","0.8103813243918594"
"ESTM","ESTM | Seebeck coefficient","Seebeck coefficient","0","421","5186","0.8436753471361108"
"ESTM","ESTM | $\lg \sigma_{\rm elec}$","$\lg \sigma_{\rm elec}$","2","421","5186","0.7674736080302986"
"ESTM","ESTM | $\lg \kappa_{\rm thermal}$","$\lg \kappa_{\rm thermal}$","3","421","5186","0.6573305423485016"
"ESTM","ESTM | $ZT$","$ZT$","1","421","5186","0.733965020455008"
"ESTM","ESTM | Seebeck coefficient","Seebeck coefficient","0","482","5186","0.8477026483359161"
"ESTM","ESTM | $\lg \sigma_{\rm elec}$","$\lg \sigma_{\rm elec}$","2","482","5186","0.7144343133142173"
"ESTM","ESTM | $\lg \kappa_{\rm thermal}$","$\lg \kappa_{\rm thermal}$","3","482","5186","0.5417117528823978"
"ESTM","ESTM | $ZT$","$ZT$","1","482","5186","0.7487315443523491"
"ESTM","ESTM | Seebeck coefficient","Seebeck coefficient","0","540","5186","0.712709127128991"
"ESTM","ESTM | $\lg \sigma_{\rm elec}$","$\lg \sigma_{\rm elec}$","2","540","5186","0.7129932574833464"
"ESTM","ESTM | $\lg \kappa_{\rm thermal}$","$\lg \kappa_{\rm thermal}$","3","540","5186","0.6151985749336918"
"ESTM","ESTM | $ZT$","$ZT$","1","540","5186","0.7701471833856989"
"ESTM","ESTM | Seebeck coefficient","Seebeck coefficient","0","639","5186","0.765071375784982"
"ESTM","ESTM | $\lg \sigma_{\rm elec}$","$\lg \sigma_{\rm elec}$","2","639","5186","0.7048503886235039"
"ESTM","ESTM | $\lg \kappa_{\rm thermal}$","$\lg \kappa_{\rm thermal}$","3","639","5186","0.6230354870340294"
"ESTM","ESTM | $ZT$","$ZT$","1","639","5186","0.8331179369877609"
"ESTM","ESTM | Seebeck coefficient","Seebeck coefficient","0","673","5186","0.7597971155926826"
"ESTM","ESTM | $\lg \sigma_{\rm elec}$","$\lg \sigma_{\rm elec}$","2","673","5186","0.7495069149747622"
"ESTM","ESTM | $\lg \kappa_{\rm thermal}$","$\lg \kappa_{\rm thermal}$","3","673","5186","0.6676451568710672"
"ESTM","ESTM | $ZT$","$ZT$","1","673","5186","0.7197411541954745"
"ESTM","ESTM | Seebeck coefficient","Seebeck coefficient","0","757","5186","0.677137318274462"
"ESTM","ESTM | $\lg \sigma_{\rm elec}$","$\lg \sigma_{\rm elec}$","2","757","5186","0.818626295586586"
"ESTM","ESTM | $\lg \kappa_{\rm thermal}$","$\lg \kappa_{\rm thermal}$","3","757","5186","0.6545018370519745"
"ESTM","ESTM | $ZT$","$ZT$","1","757","5186","0.8184976270038987"
"ESTM","ESTM | Seebeck coefficient","Seebeck coefficient","0","83","5186","0.7541094035930064"
"ESTM","ESTM | $\lg \sigma_{\rm elec}$","$\lg \sigma_{\rm elec}$","2","83","5186","0.6055726111134712"
"ESTM","ESTM | $\lg \kappa_{\rm thermal}$","$\lg \kappa_{\rm thermal}$","3","83","5186","0.7034360157553219"
"ESTM","ESTM | $ZT$","$ZT$","1","83","5186","0.7785071693616793"
"ESTM","ESTM | Seebeck coefficient","Seebeck coefficient","0","860","5186","0.8279610742465875"
"ESTM","ESTM | $\lg \sigma_{\rm elec}$","$\lg \sigma_{\rm elec}$","2","860","5186","0.7504988663137844"
"ESTM","ESTM | $\lg \kappa_{\rm thermal}$","$\lg \kappa_{\rm thermal}$","3","860","5186","0.6148471492238086"
"ESTM","ESTM | $ZT$","$ZT$","1","860","5186","0.7205350118240443"
"ESTM","ESTM | Seebeck coefficient","Seebeck coefficient","0","894","5186","0.7938608623469204"
"ESTM","ESTM | $\lg \sigma_{\rm elec}$","$\lg \sigma_{\rm elec}$","2","894","5186","0.7653672423423252"
"ESTM","ESTM | $\lg \kappa_{\rm thermal}$","$\lg \kappa_{\rm thermal}$","3","894","5186","0.6812625241225662"
"ESTM","ESTM | $ZT$","$ZT$","1","894","5186","0.776377435525201"
"ESTM","ESTM | Seebeck coefficient","Seebeck coefficient","0","982","5186","0.7746721316430902"
"ESTM","ESTM | $\lg \sigma_{\rm elec}$","$\lg \sigma_{\rm elec}$","2","982","5186","0.7863948687223783"
"ESTM","ESTM | $\lg \kappa_{\rm thermal}$","$\lg \kappa_{\rm thermal}$","3","982","5186","0.6141516574585372"
"ESTM","ESTM | $ZT$","$ZT$","1","982","5186","0.7260681882605443"
"ESTM","ESTM | Seebeck coefficient","Seebeck coefficient","0","99","5186","0.7620978835865483"
"ESTM","ESTM | $\lg \sigma_{\rm elec}$","$\lg \sigma_{\rm elec}$","2","99","5186","0.7886444292065199"
"ESTM","ESTM | $\lg \kappa_{\rm thermal}$","$\lg \kappa_{\rm thermal}$","3","99","5186","0.6903968386898482"
"ESTM","ESTM | $ZT$","$ZT$","1","99","5186","0.8090104096006778"
"PV","PV | $V_{\rm OC}$","$V_{\rm OC}$","7","1321","8154","0.5308177816569793"
"PV","PV | $J_{\rm SC}$","$J_{\rm SC}$","5","1321","8154","0.21890677594892977"
"PV","PV | FF","FF","4","1321","8154","0.39153847519002766"
"PV","PV | PCE","PCE","6","1321","8154","0.6228443716638935"
"PV","PV | $V_{\rm OC}$","$V_{\rm OC}$","7","421","8154","0.4477123156084586"
"PV","PV | $J_{\rm SC}$","$J_{\rm SC}$","5","421","8154","0.34960089188231563"
"PV","PV | FF","FF","4","421","8154","0.34219912885162934"
"PV","PV | PCE","PCE","6","421","8154","0.6161531715042197"
"PV","PV | $V_{\rm OC}$","$V_{\rm OC}$","7","1025","8154","0.491703455412387"
"PV","PV | $J_{\rm SC}$","$J_{\rm SC}$","5","1025","8154","0.3391452353145917"
"PV","PV | FF","FF","4","1025","8154","0.24746830388011942"
"PV","PV | PCE","PCE","6","1025","8154","0.7006922894525055"
"PV","PV | $V_{\rm OC}$","$V_{\rm OC}$","7","243","8154","0.28773814208919773"
"PV","PV | $J_{\rm SC}$","$J_{\rm SC}$","5","243","8154","0.5205843912499836"
"PV","PV | FF","FF","4","243","8154","0.44485870976496245"
"PV","PV | PCE","PCE","6","243","8154","0.7067767464220089"
"PV","PV | $V_{\rm OC}$","$V_{\rm OC}$","7","938","8154","0.5665423110287309"
"PV","PV | $J_{\rm SC}$","$J_{\rm SC}$","5","938","8154","0.2889261524146533"
"PV","PV | FF","FF","4","938","8154","0.2998717500296914"
"PV","PV | PCE","PCE","6","938","8154","0.6539782025642289"
"PV","PV | $V_{\rm OC}$","$V_{\rm OC}$","7","161","8154","0.5243719524765107"
"PV","PV | $J_{\rm SC}$","$J_{\rm SC}$","5","161","8154","0.3833479828564204"
"PV","PV | FF","FF","4","161","8154","0.4064133473998206"
"PV","PV | PCE","PCE","6","161","8154","0.6657681233771453"
"PV","PV | $V_{\rm OC}$","$V_{\rm OC}$","7","2024","8154","0.47946470374868927"
"PV","PV | $J_{\rm SC}$","$J_{\rm SC}$","5","2024","8154","0.372721696188381"
"PV","PV | FF","FF","4","2024","8154","0.38466432376541015"
"PV","PV | PCE","PCE","6","2024","8154","0.6547965816734395"
"PV","PV | $V_{\rm OC}$","$V_{\rm OC}$","7","266","8154","0.4572023449261106"
"PV","PV | $J_{\rm SC}$","$J_{\rm SC}$","5","266","8154","0.42753541328004163"
"PV","PV | FF","FF","4","266","8154","0.4032454661141785"
"PV","PV | PCE","PCE","6","266","8154","0.6086470998487695"
"PV","PV | $V_{\rm OC}$","$V_{\rm OC}$","7","2977","8154","0.3041042560593984"
"PV","PV | $J_{\rm SC}$","$J_{\rm SC}$","5","2977","8154","0.5167193992282152"
"PV","PV | FF","FF","4","2977","8154","0.3372065938479349"
"PV","PV | PCE","PCE","6","2977","8154","0.5917928217557035"
"PV","PV | $V_{\rm OC}$","$V_{\rm OC}$","7","1790","8154","0.5786491623826252"
"PV","PV | $J_{\rm SC}$","$J_{\rm SC}$","5","1790","8154","0.43890145714783885"
"PV","PV | FF","FF","4","1790","8154","0.3937952709756543"
"PV","PV | PCE","PCE","6","1790","8154","0.6176796354856552"
"PV","PV | $V_{\rm OC}$","$V_{\rm OC}$","7","238","8154","0.49035698962261826"
"PV","PV | $J_{\rm SC}$","$J_{\rm SC}$","5","238","8154","0.3282837595681439"
"PV","PV | FF","FF","4","238","8154","0.3742654227721518"
"PV","PV | PCE","PCE","6","238","8154","0.6543933648558136"
"PV","PV | $V_{\rm OC}$","$V_{\rm OC}$","7","703","8154","0.5041290286527116"
"PV","PV | $J_{\rm SC}$","$J_{\rm SC}$","5","703","8154","0.3868035661137908"
"PV","PV | FF","FF","4","703","8154","0.3028330573450116"
"PV","PV | PCE","PCE","6","703","8154","0.6514022238314878"
"PV","PV | $V_{\rm OC}$","$V_{\rm OC}$","7","124","8154","0.3445562880011874"
"PV","PV | $J_{\rm SC}$","$J_{\rm SC}$","5","124","8154","0.41317574449614014"
"PV","PV | FF","FF","4","124","8154","0.35780855808766127"
"PV","PV | PCE","PCE","6","124","8154","0.6499907140316754"
"PV","PV | $V_{\rm OC}$","$V_{\rm OC}$","7","568","8154","0.5721680317720034"
"PV","PV | $J_{\rm SC}$","$J_{\rm SC}$","5","568","8154","0.42169280739556675"
"PV","PV | FF","FF","4","568","8154","0.32051530810622675"
"PV","PV | PCE","PCE","6","568","8154","0.6387588598595604"
"PV","PV | $V_{\rm OC}$","$V_{\rm OC}$","7","2786","8154","0.3459286217339349"
"PV","PV | $J_{\rm SC}$","$J_{\rm SC}$","5","2786","8154","0.5095773035249701"
"PV","PV | FF","FF","4","2786","8154","0.29733857730512897"
"PV","PV | PCE","PCE","6","2786","8154","0.6785750633694276"
"PV","PV | $V_{\rm OC}$","$V_{\rm OC}$","7","2325","8154","0.49104799797799664"
"PV","PV | $J_{\rm SC}$","$J_{\rm SC}$","5","2325","8154","0.5239140894152289"
"PV","PV | FF","FF","4","2325","8154","0.44592818862878664"
"PV","PV | PCE","PCE","6","2325","8154","0.6556044488223047"
"PV","PV | $V_{\rm OC}$","$V_{\rm OC}$","7","1273","8154","0.543707565809642"
"PV","PV | $J_{\rm SC}$","$J_{\rm SC}$","5","1273","8154","0.39658444991081904"
"PV","PV | FF","FF","4","1273","8154","0.3456535636021702"
"PV","PV | PCE","PCE","6","1273","8154","0.6475811207684651"
"PV","PV | $V_{\rm OC}$","$V_{\rm OC}$","7","922","8154","0.4954670547323884"
"PV","PV | $J_{\rm SC}$","$J_{\rm SC}$","5","922","8154","0.40524084093214857"
"PV","PV | FF","FF","4","922","8154","0.39472966369350343"
"PV","PV | PCE","PCE","6","922","8154","0.6406240444282196"
"PV","PV | $V_{\rm OC}$","$V_{\rm OC}$","7","66","8154","0.49478248127180835"
"PV","PV | $J_{\rm SC}$","$J_{\rm SC}$","5","66","8154","0.37462169028243686"
"PV","PV | FF","FF","4","66","8154","0.4288838540849683"
"PV","PV | PCE","PCE","6","66","8154","0.5957664824146968"
"PV","PV | $V_{\rm OC}$","$V_{\rm OC}$","7","663","8154","0.4525270196993168"
"PV","PV | $J_{\rm SC}$","$J_{\rm SC}$","5","663","8154","0.5596565757601495"
"PV","PV | FF","FF","4","663","8154","0.3936797395431894"
"PV","PV | PCE","PCE","6","663","8154","0.6171262951781129"
"PV","PV | $V_{\rm OC}$","$V_{\rm OC}$","7","99","8154","0.43905213640456053"
"PV","PV | $J_{\rm SC}$","$J_{\rm SC}$","5","99","8154","0.5162459350228736"
"PV","PV | FF","FF","4","99","8154","0.36651880492446154"
"PV","PV | PCE","PCE","6","99","8154","0.6115641447672241"
"PV","PV | $V_{\rm OC}$","$V_{\rm OC}$","7","356","8154","0.5037881955067298"
"PV","PV | $J_{\rm SC}$","$J_{\rm SC}$","5","356","8154","0.39223216336399747"
"PV","PV | FF","FF","4","356","8154","0.43449556139040746"
"PV","PV | PCE","PCE","6","356","8154","0.5883019680402313"
"PV","PV | $V_{\rm OC}$","$V_{\rm OC}$","7","1863","8154","0.5147498047926847"
"PV","PV | $J_{\rm SC}$","$J_{\rm SC}$","5","1863","8154","0.3932513877025388"
"PV","PV | FF","FF","4","1863","8154","0.30057372691311335"
"PV","PV | PCE","PCE","6","1863","8154","0.6690348497436608"
"PV","PV | $V_{\rm OC}$","$V_{\rm OC}$","7","2875","8154","0.5549557062597268"
"PV","PV | $J_{\rm SC}$","$J_{\rm SC}$","5","2875","8154","0.38824161429021925"
"PV","PV | FF","FF","4","2875","8154","0.4191288296798981"
"PV","PV | PCE","PCE","6","2875","8154","0.6487914515024086"
"PV","PV | $V_{\rm OC}$","$V_{\rm OC}$","7","431","8154","0.5155292766826991"
"PV","PV | $J_{\rm SC}$","$J_{\rm SC}$","5","431","8154","0.2903843060826663"
"PV","PV | FF","FF","4","431","8154","0.2763837251792778"
"PV","PV | PCE","PCE","6","431","8154","0.7075786462151586"
"PV","PV | $V_{\rm OC}$","$V_{\rm OC}$","7","2311","8154","0.4766132739267116"
"PV","PV | $J_{\rm SC}$","$J_{\rm SC}$","5","2311","8154","0.5664035226316135"
"PV","PV | FF","FF","4","2311","8154","0.3776851591302599"
"PV","PV | PCE","PCE","6","2311","8154","0.5875501362320802"
"PV","PV | $V_{\rm OC}$","$V_{\rm OC}$","7","1982","8154","0.5092126973315976"
"PV","PV | $J_{\rm SC}$","$J_{\rm SC}$","5","1982","8154","0.5694923921850589"
"PV","PV | FF","FF","4","1982","8154","0.2495056706115775"
"PV","PV | PCE","PCE","6","1982","8154","0.6559272403536422"
"PV","PV | $V_{\rm OC}$","$V_{\rm OC}$","7","178","8154","0.4546150220850524"
"PV","PV | $J_{\rm SC}$","$J_{\rm SC}$","5","178","8154","0.4815427361364315"
"PV","PV | FF","FF","4","178","8154","0.4170061299439185"
"PV","PV | PCE","PCE","6","178","8154","0.6140001528727533"
"PV","PV | $V_{\rm OC}$","$V_{\rm OC}$","7","488","8154","0.30666594906092054"
"PV","PV | $J_{\rm SC}$","$J_{\rm SC}$","5","488","8154","0.2938288360978727"
"PV","PV | FF","FF","4","488","8154","0.4105136952152571"
"PV","PV | PCE","PCE","6","488","8154","0.6597842506109272"
"PV","PV | $V_{\rm OC}$","$V_{\rm OC}$","7","1346","8154","0.4426301042209499"
"PV","PV | $J_{\rm SC}$","$J_{\rm SC}$","5","1346","8154","0.4844494315750381"
"PV","PV | FF","FF","4","1346","8154","0.41392712882421245"
"PV","PV | PCE","PCE","6","1346","8154","0.6752855200751428"
"PV","PV | $V_{\rm OC}$","$V_{\rm OC}$","7","1238","8154","0.46176375287941135"
"PV","PV | $J_{\rm SC}$","$J_{\rm SC}$","5","1238","8154","0.4893704352917049"
"PV","PV | FF","FF","4","1238","8154","0.45762258618339585"
"PV","PV | PCE","PCE","6","1238","8154","0.7116822087492612"
"PV","PV | $V_{\rm OC}$","$V_{\rm OC}$","7","226","8154","0.32899307253949217"
"PV","PV | $J_{\rm SC}$","$J_{\rm SC}$","5","226","8154","0.3241778145485642"
"PV","PV | FF","FF","4","226","8154","0.3838943867906494"
"PV","PV | PCE","PCE","6","226","8154","0.7528981572737546"
"PV","PV | $V_{\rm OC}$","$V_{\rm OC}$","7","2932","8154","0.46672083440309126"
"PV","PV | $J_{\rm SC}$","$J_{\rm SC}$","5","2932","8154","0.36025668167577"
"PV","PV | FF","FF","4","2932","8154","0.2913063794769499"
"PV","PV | PCE","PCE","6","2932","8154","0.6559190640579672"
"PV","PV | $V_{\rm OC}$","$V_{\rm OC}$","7","1024","8154","0.5250623175698009"
"PV","PV | $J_{\rm SC}$","$J_{\rm SC}$","5","1024","8154","0.4490664092749555"
"PV","PV | FF","FF","4","1024","8154","0.3398663738217707"
"PV","PV | PCE","PCE","6","1024","8154","0.6121435949384612"
"PV","PV | $V_{\rm OC}$","$V_{\rm OC}$","7","1707","8154","0.5617974714970616"
"PV","PV | $J_{\rm SC}$","$J_{\rm SC}$","5","1707","8154","0.3199963207318444"
"PV","PV | FF","FF","4","1707","8154","0.31193698254062163"
"PV","PV | PCE","PCE","6","1707","8154","0.6644120628916846"
"PV","PV | $V_{\rm OC}$","$V_{\rm OC}$","7","59","8154","0.5722214807068159"
"PV","PV | $J_{\rm SC}$","$J_{\rm SC}$","5","59","8154","0.39639258723729665"
"PV","PV | FF","FF","4","59","8154","0.4395098482649906"
"PV","PV | PCE","PCE","6","59","8154","0.6524249947071806"
"PV","PV | $V_{\rm OC}$","$V_{\rm OC}$","7","14","8154","0.5645156236208894"
"PV","PV | $J_{\rm SC}$","$J_{\rm SC}$","5","14","8154","0.3527108209331833"
"PV","PV | FF","FF","4","14","8154","0.235841773906113"
"PV","PV | PCE","PCE","6","14","8154","0.6961449163959554"
"PV","PV | $V_{\rm OC}$","$V_{\rm OC}$","7","2351","8154","0.5356075005617457"
"PV","PV | $J_{\rm SC}$","$J_{\rm SC}$","5","2351","8154","0.5198448213742087"
"PV","PV | FF","FF","4","2351","8154","0.43989455969976254"
"PV","PV | PCE","PCE","6","2351","8154","0.6452983744766534"
"PV","PV | $V_{\rm OC}$","$V_{\rm OC}$","7","97","8154","0.5409081707373615"
"PV","PV | $J_{\rm SC}$","$J_{\rm SC}$","5","97","8154","0.4056970957856718"
"PV","PV | FF","FF","4","97","8154","0.392768546546732"
"PV","PV | PCE","PCE","6","97","8154","0.6194169860229873"
"PV","PV | $V_{\rm OC}$","$V_{\rm OC}$","7","87","8154","0.37394393795465797"
"PV","PV | $J_{\rm SC}$","$J_{\rm SC}$","5","87","8154","0.53474662729509"
"PV","PV | FF","FF","4","87","8154","0.28294056910381404"
"PV","PV | PCE","PCE","6","87","8154","0.6641202032550073"
"PV","PV | $V_{\rm OC}$","$V_{\rm OC}$","7","993","8154","0.40275350399753207"
"PV","PV | $J_{\rm SC}$","$J_{\rm SC}$","5","993","8154","0.295835387645474"
"PV","PV | FF","FF","4","993","8154","0.29052734549581005"
"PV","PV | PCE","PCE","6","993","8154","0.6776337933615407"
"PV","PV | $V_{\rm OC}$","$V_{\rm OC}$","7","482","8154","0.6118704319973726"
"PV","PV | $J_{\rm SC}$","$J_{\rm SC}$","5","482","8154","0.4480163249289319"
"PV","PV | FF","FF","4","482","8154","0.30958420946857435"
"PV","PV | PCE","PCE","6","482","8154","0.6429826857772206"
"PV","PV | $V_{\rm OC}$","$V_{\rm OC}$","7","90","8154","0.34332071645549656"
"PV","PV | $J_{\rm SC}$","$J_{\rm SC}$","5","90","8154","0.3790866206042331"
"PV","PV | FF","FF","4","90","8154","0.43658132829445745"
"PV","PV | PCE","PCE","6","90","8154","0.663349315766125"
"PV","PV | $V_{\rm OC}$","$V_{\rm OC}$","7","679","8154","0.5236979068040029"
"PV","PV | $J_{\rm SC}$","$J_{\rm SC}$","5","679","8154","0.4181960957332855"
"PV","PV | FF","FF","4","679","8154","0.4475554923477788"
"PV","PV | PCE","PCE","6","679","8154","0.6282247139857873"
"PV","PV | $V_{\rm OC}$","$V_{\rm OC}$","7","23","8154","0.47079904116837556"
"PV","PV | $J_{\rm SC}$","$J_{\rm SC}$","5","23","8154","0.38533670621984284"
"PV","PV | FF","FF","4","23","8154","0.4276218997092408"
"PV","PV | PCE","PCE","6","23","8154","0.6116603010532591"
"PV","PV | $V_{\rm OC}$","$V_{\rm OC}$","7","1503","8154","0.5017369658219204"
"PV","PV | $J_{\rm SC}$","$J_{\rm SC}$","5","1503","8154","0.25839515765932614"
"PV","PV | FF","FF","4","1503","8154","0.42327538499816836"
"PV","PV | PCE","PCE","6","1503","8154","0.5190832149514177"
"PV","PV | $V_{\rm OC}$","$V_{\rm OC}$","7","4","8154","0.4708841490536804"
"PV","PV | $J_{\rm SC}$","$J_{\rm SC}$","5","4","8154","0.3849555673761195"
"PV","PV | FF","FF","4","4","8154","0.3794727213228194"
"PV","PV | PCE","PCE","6","4","8154","0.6194036613830681"
"PV","PV | $V_{\rm OC}$","$V_{\rm OC}$","7","1674","8154","0.596690127535089"
"PV","PV | $J_{\rm SC}$","$J_{\rm SC}$","5","1674","8154","0.246452455901944"
"PV","PV | FF","FF","4","1674","8154","0.279409004275259"
"PV","PV | PCE","PCE","6","1674","8154","0.6007507789314511"
"PV","PV | $V_{\rm OC}$","$V_{\rm OC}$","7","923","8154","0.3640519694165218"
"PV","PV | $J_{\rm SC}$","$J_{\rm SC}$","5","923","8154","0.5942955314487298"
"PV","PV | FF","FF","4","923","8154","0.3307647134860181"
"PV","PV | PCE","PCE","6","923","8154","0.6868350701361109"
"PV","PV | $V_{\rm OC}$","$V_{\rm OC}$","7","42","8154","0.4784630343945524"
"PV","PV | $J_{\rm SC}$","$J_{\rm SC}$","5","42","8154","0.32233145769809507"
"PV","PV | FF","FF","4","42","8154","0.40630436403112397"
"PV","PV | PCE","PCE","6","42","8154","0.6343460930655445"
