dataset,target_id,target_display,target_order,seed,Fixed scalar blend,PhysicsGate,gate_minus_fixed_log2_gain,gate_beats_fixed
ESTM,ESTM | $ZT$,$ZT$,1,4,0.1370934104554873,0.1463646762710805,0.009271265815593177,True
ESTM,ESTM | $ZT$,$ZT$,1,34,0.1217681930897281,0.1289681307298838,0.00719993764015571,True
ESTM,ESTM | $ZT$,$ZT$,1,42,0.1275347623401393,0.1389411238649858,0.011406361524846503,True
ESTM,ESTM | $ZT$,$ZT$,1,83,0.137453215323044,0.1712372736581426,0.03378405833509859,True
ESTM,ESTM | $ZT$,$ZT$,1,99,0.1159223681220766,0.1430136691676758,0.027091301045599203,True
ESTM,ESTM | $ZT$,$ZT$,1,134,0.118474940141571,0.1335812770942689,0.01510633695269789,True
ESTM,ESTM | $ZT$,$ZT$,1,178,0.1408932038583822,0.1503863642610347,0.009493160402652495,True
ESTM,ESTM | $ZT$,$ZT$,1,237,0.1390710267794223,0.1555631317092781,0.01649210492985581,True
ESTM,ESTM | $ZT$,$ZT$,1,325,0.1268841208868606,0.1384768744720782,0.011592753585217608,True
ESTM,ESTM | $ZT$,$ZT$,1,365,0.1070647281734746,0.150318226104339,0.043253497930864415,True
ESTM,ESTM | $ZT$,$ZT$,1,421,0.1115408753214877,0.1257608097648603,0.014219934443372592,True
ESTM,ESTM | $ZT$,$ZT$,1,482,0.1468041702876074,0.1631193733670803,0.0163152030794729,True
ESTM,ESTM | $ZT$,$ZT$,1,540,0.1197249832065097,0.1262535390109896,0.006528555804479891,True
ESTM,ESTM | $ZT$,$ZT$,1,639,0.1411422589293176,0.1514147827266123,0.010272523797294708,True
ESTM,ESTM | $ZT$,$ZT$,1,673,0.0895029587600059,0.1268412350808729,0.03733827632086699,True
ESTM,ESTM | $ZT$,$ZT$,1,757,0.1107211972318636,0.1251487639783877,0.014427566746524095,True
ESTM,ESTM | $ZT$,$ZT$,1,860,0.1183468458808303,0.1312326265453328,0.012885780664502494,True
ESTM,ESTM | $ZT$,$ZT$,1,894,0.1154428489481409,0.1446691274698341,0.029226278521693197,True
ESTM,ESTM | $ZT$,$ZT$,1,982,0.1371403357115454,0.1405482888926558,0.003407953181110396,True
ESTM,ESTM | $ZT$,$ZT$,1,1008,0.1264297192332521,0.1591874977515369,0.03275777851828479,True
ESTM,ESTM | $ZT$,$ZT$,1,1101,0.1108323351164029,0.1137119864480325,0.0028796513316295957,True
ESTM,ESTM | $ZT$,$ZT$,1,1165,0.1079103578465486,0.1190979441490743,0.011187586302525712,True
ESTM,ESTM | $ZT$,$ZT$,1,1255,0.1460703644764063,0.1608849855674592,0.014814621091052887,True
ESTM,ESTM | $ZT$,$ZT$,1,1308,0.1388002485958841,0.1457688669730935,0.006968618377209385,True
ESTM,ESTM | $ZT$,$ZT$,1,1333,0.1356071917655386,0.1455109751525599,0.009903783387021303,True
ESTM,ESTM | $ZT$,$ZT$,1,1454,0.0572591219936557,0.1450013961029716,0.0877422741093159,True
ESTM,ESTM | $ZT$,$ZT$,1,1483,0.1122481819627711,0.1511605295651156,0.03891234760234451,True
ESTM,ESTM | $ZT$,$ZT$,1,1568,0.1343271828167494,0.1563707385347758,0.02204355571802638,True
ESTM,ESTM | $ZT$,$ZT$,1,1600,0.14441466573378,0.1666084859939328,0.02219382026015279,True
ESTM,ESTM | $ZT$,$ZT$,1,1721,0.1302457538976393,0.1494862887710628,0.019240534873423504,True
ESTM,ESTM | $ZT$,$ZT$,1,1785,0.1220023373336561,0.145449181933525,0.023446844599868885,True
ESTM,ESTM | $ZT$,$ZT$,1,1864,0.1221764405571996,0.1340295771257944,0.01185313656859481,True
ESTM,ESTM | $ZT$,$ZT$,1,1904,0.1418332164483197,0.1614630324548965,0.01962981600657679,True
ESTM,ESTM | $ZT$,$ZT$,1,1949,0.1125748330258523,0.1190347272687502,0.00645989424289789,True
ESTM,ESTM | $ZT$,$ZT$,1,2010,0.1363991788991508,0.1440216033930937,0.007622424493942903,True
ESTM,ESTM | $ZT$,$ZT$,1,2024,0.1438666930394905,0.1629536938686393,0.019087000829148798,True
ESTM,ESTM | $ZT$,$ZT$,1,2133,0.1356478616082095,0.1519038245076513,0.01625596289944181,True
ESTM,ESTM | $ZT$,$ZT$,1,2152,0.1086524548749165,0.1420665866132552,0.033414131738338695,True
ESTM,ESTM | $ZT$,$ZT$,1,2256,0.1225602087368785,0.1428921719356151,0.02033196319873659,True
ESTM,ESTM | $ZT$,$ZT$,1,2267,0.092376800890857,0.1111640194173877,0.018787218526530702,True
ESTM,ESTM | $ZT$,$ZT$,1,2352,0.1376138952272207,0.1524306492683481,0.014816754041127395,True
ESTM,ESTM | $ZT$,$ZT$,1,2431,0.1132615097012845,0.1545541718200805,0.041292662118795995,True
ESTM,ESTM | $ZT$,$ZT$,1,2504,0.132304629929945,0.1532395142643784,0.020934884334433412,True
ESTM,ESTM | $ZT$,$ZT$,1,2556,0.127962847684823,0.1402033088041822,0.012240461119359197,True
ESTM,ESTM | $ZT$,$ZT$,1,2666,0.1143042238743939,0.1298880492199345,0.015583825345540592,True
ESTM,ESTM | $ZT$,$ZT$,1,2683,0.1346807230931178,0.1449453678930931,0.010264644799975298,True
ESTM,ESTM | $ZT$,$ZT$,1,2739,0.1092208838138145,0.1341096801329701,0.02488879631915558,True
ESTM,ESTM | $ZT$,$ZT$,1,2854,0.0724310092955484,0.140035916673217,0.0676049073776686,True
ESTM,ESTM | $ZT$,$ZT$,1,2926,0.113752855917871,0.1243633779448058,0.010610522026934799,True
ESTM,ESTM | $ZT$,$ZT$,1,3000,0.1252378457273668,0.1448159328138828,0.01957808708651601,True
ESTM,ESTM | $\lg \kappa_{\rm thermal}$,$\lg \kappa_{\rm thermal}$,3,4,0.1143163387638816,0.1259682566642045,0.011651917900322897,True
ESTM,ESTM | $\lg \kappa_{\rm thermal}$,$\lg \kappa_{\rm thermal}$,3,34,0.1243491348138741,0.1313356790463428,0.006986544232468708,True
ESTM,ESTM | $\lg \kappa_{\rm thermal}$,$\lg \kappa_{\rm thermal}$,3,42,0.1243326623219491,0.1414720747938639,0.01713941247191479,True
ESTM,ESTM | $\lg \kappa_{\rm thermal}$,$\lg \kappa_{\rm thermal}$,3,83,0.1098064259599776,0.1130479034046252,0.003241477444647603,True
ESTM,ESTM | $\lg \kappa_{\rm thermal}$,$\lg \kappa_{\rm thermal}$,3,99,0.1065922976413632,0.1287339634178063,0.022141665776443095,True
ESTM,ESTM | $\lg \kappa_{\rm thermal}$,$\lg \kappa_{\rm thermal}$,3,134,0.1114157933484267,0.1183701810176227,0.006954387669195997,True
ESTM,ESTM | $\lg \kappa_{\rm thermal}$,$\lg \kappa_{\rm thermal}$,3,178,0.1279200103088693,0.1404008448108368,0.01248083450196752,True
ESTM,ESTM | $\lg \kappa_{\rm thermal}$,$\lg \kappa_{\rm thermal}$,3,237,0.0930549963197993,0.1076969598170859,0.014641963497286595,True
ESTM,ESTM | $\lg \kappa_{\rm thermal}$,$\lg \kappa_{\rm thermal}$,3,325,0.1373888766853137,0.1569485982474003,0.0195597215620866,True
ESTM,ESTM | $\lg \kappa_{\rm thermal}$,$\lg \kappa_{\rm thermal}$,3,365,0.119298177019811,0.1263166857045718,0.007018508684760796,True
ESTM,ESTM | $\lg \kappa_{\rm thermal}$,$\lg \kappa_{\rm thermal}$,3,421,0.1168460383175974,0.1304837983523584,0.013637760034760998,True
ESTM,ESTM | $\lg \kappa_{\rm thermal}$,$\lg \kappa_{\rm thermal}$,3,482,0.1265157849322216,0.122770741686355,-0.0037450432458665944,False
ESTM,ESTM | $\lg \kappa_{\rm thermal}$,$\lg \kappa_{\rm thermal}$,3,540,0.1324645856497806,0.1494574499737057,0.016992864323925105,True
ESTM,ESTM | $\lg \kappa_{\rm thermal}$,$\lg \kappa_{\rm thermal}$,3,639,0.1057997910434641,0.1138745119286505,0.008074720885186404,True
ESTM,ESTM | $\lg \kappa_{\rm thermal}$,$\lg \kappa_{\rm thermal}$,3,673,0.1141272771713249,0.1307433025760054,0.01661602540468049,True
ESTM,ESTM | $\lg \kappa_{\rm thermal}$,$\lg \kappa_{\rm thermal}$,3,757,0.1329645912045495,0.1484373587928815,0.015472767588331993,True
ESTM,ESTM | $\lg \kappa_{\rm thermal}$,$\lg \kappa_{\rm thermal}$,3,860,0.1094302927391885,0.1201539155951589,0.010723622855970394,True
ESTM,ESTM | $\lg \kappa_{\rm thermal}$,$\lg \kappa_{\rm thermal}$,3,894,0.1321159667947873,0.1440653752950332,0.011949408500245895,True
ESTM,ESTM | $\lg \kappa_{\rm thermal}$,$\lg \kappa_{\rm thermal}$,3,982,0.1186260149204502,0.1288580540159967,0.0102320390955465,True
ESTM,ESTM | $\lg \kappa_{\rm thermal}$,$\lg \kappa_{\rm thermal}$,3,1008,0.1286112713686239,0.1130937394010902,-0.015517531967533707,False
ESTM,ESTM | $\lg \kappa_{\rm thermal}$,$\lg \kappa_{\rm thermal}$,3,1101,0.1201911733253684,0.1194404409416841,-0.0007507323836842966,False
ESTM,ESTM | $\lg \kappa_{\rm thermal}$,$\lg \kappa_{\rm thermal}$,3,1165,0.1097736128122056,0.1215156619265476,0.011742049114341999,True
ESTM,ESTM | $\lg \kappa_{\rm thermal}$,$\lg \kappa_{\rm thermal}$,3,1255,0.1056210315703876,0.1246796973226316,0.01905866575224399,True
ESTM,ESTM | $\lg \kappa_{\rm thermal}$,$\lg \kappa_{\rm thermal}$,3,1308,0.1077939083915643,0.1149906806833568,0.007196772291792497,True
ESTM,ESTM | $\lg \kappa_{\rm thermal}$,$\lg \kappa_{\rm thermal}$,3,1333,0.1430321725612634,0.1550997448835211,0.012067572322257691,True
ESTM,ESTM | $\lg \kappa_{\rm thermal}$,$\lg \kappa_{\rm thermal}$,3,1454,0.1227447380567235,0.1209364558117182,-0.001808282245005302,False
ESTM,ESTM | $\lg \kappa_{\rm thermal}$,$\lg \kappa_{\rm thermal}$,3,1483,0.1220540426194352,0.1252582781643622,0.003204235544926992,True
ESTM,ESTM | $\lg \kappa_{\rm thermal}$,$\lg \kappa_{\rm thermal}$,3,1568,0.1167660766150431,0.1218003553437424,0.0050342787286992985,True
ESTM,ESTM | $\lg \kappa_{\rm thermal}$,$\lg \kappa_{\rm thermal}$,3,1600,0.1042985194988875,0.1228739965619007,0.018575477063013213,True
ESTM,ESTM | $\lg \kappa_{\rm thermal}$,$\lg \kappa_{\rm thermal}$,3,1721,0.1064685440780557,0.1108834535858298,0.004414909507774095,True
ESTM,ESTM | $\lg \kappa_{\rm thermal}$,$\lg \kappa_{\rm thermal}$,3,1785,0.106526550081007,0.1269612335233755,0.020434683442368484,True
ESTM,ESTM | $\lg \kappa_{\rm thermal}$,$\lg \kappa_{\rm thermal}$,3,1864,0.1274464817895039,0.1352799283923576,0.007833446602853705,True
ESTM,ESTM | $\lg \kappa_{\rm thermal}$,$\lg \kappa_{\rm thermal}$,3,1904,0.1382817087584108,0.1435047062082881,0.005222997449877281,True
ESTM,ESTM | $\lg \kappa_{\rm thermal}$,$\lg \kappa_{\rm thermal}$,3,1949,0.1204276182212495,0.1413619286174508,0.020934310396201306,True
ESTM,ESTM | $\lg \kappa_{\rm thermal}$,$\lg \kappa_{\rm thermal}$,3,2010,0.1010332579454211,0.1094048719474343,0.008371614002013195,True
ESTM,ESTM | $\lg \kappa_{\rm thermal}$,$\lg \kappa_{\rm thermal}$,3,2024,0.1441460999453983,0.1441906445642382,4.454461883990346e-05,True
ESTM,ESTM | $\lg \kappa_{\rm thermal}$,$\lg \kappa_{\rm thermal}$,3,2133,0.1174034918989354,0.1244251943332644,0.007021702434329008,True
ESTM,ESTM | $\lg \kappa_{\rm thermal}$,$\lg \kappa_{\rm thermal}$,3,2152,0.1250234714299062,0.1351891515485624,0.010165680118656206,True
ESTM,ESTM | $\lg \kappa_{\rm thermal}$,$\lg \kappa_{\rm thermal}$,3,2256,0.118323350936117,0.1275791785383033,0.009255827602186309,True
ESTM,ESTM | $\lg \kappa_{\rm thermal}$,$\lg \kappa_{\rm thermal}$,3,2267,0.1178303535744482,0.1259576962738969,0.008127342699448717,True
ESTM,ESTM | $\lg \kappa_{\rm thermal}$,$\lg \kappa_{\rm thermal}$,3,2352,0.1018496042823197,0.1155579838868745,0.013708379604554788,True
ESTM,ESTM | $\lg \kappa_{\rm thermal}$,$\lg \kappa_{\rm thermal}$,3,2431,0.1247621353606893,0.1317185857687405,0.006956450408051193,True
ESTM,ESTM | $\lg \kappa_{\rm thermal}$,$\lg \kappa_{\rm thermal}$,3,2504,0.1113184013819142,0.1186021837416801,0.0072837823597659,True
ESTM,ESTM | $\lg \kappa_{\rm thermal}$,$\lg \kappa_{\rm thermal}$,3,2556,0.1102484968026605,0.111705891780889,0.001457394978228499,True
ESTM,ESTM | $\lg \kappa_{\rm thermal}$,$\lg \kappa_{\rm thermal}$,3,2666,0.1095288993133231,0.1135064492585211,0.003977549945198,True
ESTM,ESTM | $\lg \kappa_{\rm thermal}$,$\lg \kappa_{\rm thermal}$,3,2683,0.1186995579382583,0.1308387806639732,0.012139222725714896,True
ESTM,ESTM | $\lg \kappa_{\rm thermal}$,$\lg \kappa_{\rm thermal}$,3,2739,0.0815333315674416,0.0943335087352239,0.012800177167782312,True
ESTM,ESTM | $\lg \kappa_{\rm thermal}$,$\lg \kappa_{\rm thermal}$,3,2854,0.1062816964259823,0.1237449712976137,0.017463274871631407,True
ESTM,ESTM | $\lg \kappa_{\rm thermal}$,$\lg \kappa_{\rm thermal}$,3,2926,0.1312204513559188,0.1384492679582296,0.007228816602310784,True
ESTM,ESTM | $\lg \kappa_{\rm thermal}$,$\lg \kappa_{\rm thermal}$,3,3000,0.1130264163759909,0.1076533476658461,-0.005373068710144799,False
ESTM,ESTM | $\lg \sigma_{\rm elec}$,$\lg \sigma_{\rm elec}$,2,4,0.0704025242196568,0.0799153283600978,0.009512804140441006,True
ESTM,ESTM | $\lg \sigma_{\rm elec}$,$\lg \sigma_{\rm elec}$,2,34,0.1183128720586592,0.1233192219113686,0.005006349852709396,True
ESTM,ESTM | $\lg \sigma_{\rm elec}$,$\lg \sigma_{\rm elec}$,2,42,0.1354549216999281,0.1415079791950304,0.006053057495102293,True
ESTM,ESTM | $\lg \sigma_{\rm elec}$,$\lg \sigma_{\rm elec}$,2,83,0.1054071413907985,0.0741663755848165,-0.031240765805982007,False
ESTM,ESTM | $\lg \sigma_{\rm elec}$,$\lg \sigma_{\rm elec}$,2,99,0.1764606575168912,0.1883078068148678,0.011847149297976617,True
ESTM,ESTM | $\lg \sigma_{\rm elec}$,$\lg \sigma_{\rm elec}$,2,134,0.1146729284363242,0.119653682131463,0.004980753695138798,True
ESTM,ESTM | $\lg \sigma_{\rm elec}$,$\lg \sigma_{\rm elec}$,2,178,0.1161701318092222,0.140360587736854,0.024190455927631804,True
ESTM,ESTM | $\lg \sigma_{\rm elec}$,$\lg \sigma_{\rm elec}$,2,237,0.148952730140828,0.1310407947842975,-0.01791193535653049,False
ESTM,ESTM | $\lg \sigma_{\rm elec}$,$\lg \sigma_{\rm elec}$,2,325,0.1616282908081859,0.1643257382797937,0.0026974474716078,True
ESTM,ESTM | $\lg \sigma_{\rm elec}$,$\lg \sigma_{\rm elec}$,2,365,0.1238007680375846,0.1618168613712353,0.038016093333650705,True
ESTM,ESTM | $\lg \sigma_{\rm elec}$,$\lg \sigma_{\rm elec}$,2,421,0.1260330333400963,0.1361680546970965,0.010135021357000201,True
ESTM,ESTM | $\lg \sigma_{\rm elec}$,$\lg \sigma_{\rm elec}$,2,482,0.1394744627040108,0.1419399569642698,0.0024654942602590213,True
ESTM,ESTM | $\lg \sigma_{\rm elec}$,$\lg \sigma_{\rm elec}$,2,540,0.1102163011722167,0.1285243053930684,0.018308004220851687,True
ESTM,ESTM | $\lg \sigma_{\rm elec}$,$\lg \sigma_{\rm elec}$,2,639,0.0791808527084142,0.0908825905413734,0.011701737832959205,True
ESTM,ESTM | $\lg \sigma_{\rm elec}$,$\lg \sigma_{\rm elec}$,2,673,0.1599682364856612,0.1741887941732927,0.014220557687631502,True
ESTM,ESTM | $\lg \sigma_{\rm elec}$,$\lg \sigma_{\rm elec}$,2,757,0.055172566561197,0.0806837241051765,0.025511157543979507,True
ESTM,ESTM | $\lg \sigma_{\rm elec}$,$\lg \sigma_{\rm elec}$,2,860,0.1212442752997687,0.1464448236058298,0.02520054830606111,True
ESTM,ESTM | $\lg \sigma_{\rm elec}$,$\lg \sigma_{\rm elec}$,2,894,0.1233424454877322,0.127144763639566,0.0038023181518338084,True
ESTM,ESTM | $\lg \sigma_{\rm elec}$,$\lg \sigma_{\rm elec}$,2,982,0.093027497934024,0.135523430240395,0.04249593230637101,True
ESTM,ESTM | $\lg \sigma_{\rm elec}$,$\lg \sigma_{\rm elec}$,2,1008,0.146541614179507,0.1561212184696224,0.009579604290115395,True
ESTM,ESTM | $\lg \sigma_{\rm elec}$,$\lg \sigma_{\rm elec}$,2,1101,0.1360219308116554,0.1654831981248633,0.029461267313207917,True
ESTM,ESTM | $\lg \sigma_{\rm elec}$,$\lg \sigma_{\rm elec}$,2,1165,0.1329277170318524,0.1632491330094743,0.03032141597762189,True
ESTM,ESTM | $\lg \sigma_{\rm elec}$,$\lg \sigma_{\rm elec}$,2,1255,0.1454417960146902,0.1839217598573771,0.0384799638426869,True
ESTM,ESTM | $\lg \sigma_{\rm elec}$,$\lg \sigma_{\rm elec}$,2,1308,0.1052074528008358,0.1317805988766773,0.02657314607584152,True
ESTM,ESTM | $\lg \sigma_{\rm elec}$,$\lg \sigma_{\rm elec}$,2,1333,0.1403383908700627,0.1481095884123747,0.007771197542312008,True
ESTM,ESTM | $\lg \sigma_{\rm elec}$,$\lg \sigma_{\rm elec}$,2,1454,0.1657011667844287,0.1833012387738319,0.017600071989403193,True
ESTM,ESTM | $\lg \sigma_{\rm elec}$,$\lg \sigma_{\rm elec}$,2,1483,0.1127309400023845,0.1149272564046728,0.0021963164022883036,True
ESTM,ESTM | $\lg \sigma_{\rm elec}$,$\lg \sigma_{\rm elec}$,2,1568,0.13723729658811,0.1610850042487384,0.02384770766062838,True
ESTM,ESTM | $\lg \sigma_{\rm elec}$,$\lg \sigma_{\rm elec}$,2,1600,0.2036907585202377,0.2220492964201876,0.018358537899949873,True
ESTM,ESTM | $\lg \sigma_{\rm elec}$,$\lg \sigma_{\rm elec}$,2,1721,0.1472579813639502,0.1466818387704968,-0.000576142593453427,False
ESTM,ESTM | $\lg \sigma_{\rm elec}$,$\lg \sigma_{\rm elec}$,2,1785,0.1501144764927968,0.1630953515588067,0.012980875066009895,True
ESTM,ESTM | $\lg \sigma_{\rm elec}$,$\lg \sigma_{\rm elec}$,2,1864,0.15404703803624,0.1642260534331259,0.010179015396885899,True
ESTM,ESTM | $\lg \sigma_{\rm elec}$,$\lg \sigma_{\rm elec}$,2,1904,0.104694513102922,0.1303946624734863,0.025700149370564307,True
ESTM,ESTM | $\lg \sigma_{\rm elec}$,$\lg \sigma_{\rm elec}$,2,1949,0.141917181248618,0.1722456177085509,0.03032843645993291,True
ESTM,ESTM | $\lg \sigma_{\rm elec}$,$\lg \sigma_{\rm elec}$,2,2010,0.1738658457686938,0.1923782944674774,0.0185124486987836,True
ESTM,ESTM | $\lg \sigma_{\rm elec}$,$\lg \sigma_{\rm elec}$,2,2024,0.0871863135629427,0.1646868312781554,0.0775005177152127,True
ESTM,ESTM | $\lg \sigma_{\rm elec}$,$\lg \sigma_{\rm elec}$,2,2133,0.1090806780626235,0.1251567855620171,0.016076107499393588,True
ESTM,ESTM | $\lg \sigma_{\rm elec}$,$\lg \sigma_{\rm elec}$,2,2152,0.0962878323265395,0.0920813733516371,-0.004206458974902391,False
ESTM,ESTM | $\lg \sigma_{\rm elec}$,$\lg \sigma_{\rm elec}$,2,2256,0.1513423462704652,0.162758738898584,0.011416392628118804,True
ESTM,ESTM | $\lg \sigma_{\rm elec}$,$\lg \sigma_{\rm elec}$,2,2267,0.1515835661989437,0.1727239170973349,0.021140350898391197,True
ESTM,ESTM | $\lg \sigma_{\rm elec}$,$\lg \sigma_{\rm elec}$,2,2352,0.1425170139238926,0.1600695338306648,0.0175525199067722,True
ESTM,ESTM | $\lg \sigma_{\rm elec}$,$\lg \sigma_{\rm elec}$,2,2431,0.1324390286984226,0.1353035231377314,0.002864494439308779,True
ESTM,ESTM | $\lg \sigma_{\rm elec}$,$\lg \sigma_{\rm elec}$,2,2504,0.1382754578949732,0.135219583254913,-0.0030558746400601855,False
ESTM,ESTM | $\lg \sigma_{\rm elec}$,$\lg \sigma_{\rm elec}$,2,2556,0.1418494709766993,0.1398666992049497,-0.001982771771749603,False
ESTM,ESTM | $\lg \sigma_{\rm elec}$,$\lg \sigma_{\rm elec}$,2,2666,0.1490086927476507,0.1373499260520585,-0.011658766695592182,False
ESTM,ESTM | $\lg \sigma_{\rm elec}$,$\lg \sigma_{\rm elec}$,2,2683,0.1241624158873981,0.1343704921648233,0.010208076277425204,True
ESTM,ESTM | $\lg \sigma_{\rm elec}$,$\lg \sigma_{\rm elec}$,2,2739,0.1481374287762977,0.1581179324891213,0.00998050371282358,True
ESTM,ESTM | $\lg \sigma_{\rm elec}$,$\lg \sigma_{\rm elec}$,2,2854,0.1501339686236738,0.1484517999227773,-0.0016821687008965192,False
ESTM,ESTM | $\lg \sigma_{\rm elec}$,$\lg \sigma_{\rm elec}$,2,2926,0.1021046863505623,0.1240022560667802,0.021897569716217896,True
ESTM,ESTM | $\lg \sigma_{\rm elec}$,$\lg \sigma_{\rm elec}$,2,3000,0.1548873939569562,0.1661815135154124,0.011294119558456217,True
ESTM,ESTM | Seebeck coefficient,Seebeck coefficient,0,4,0.0769442045365641,0.1002225391911069,0.023278334654542793,True
ESTM,ESTM | Seebeck coefficient,Seebeck coefficient,0,34,0.0954790978700943,0.1031088924133735,0.007629794543279195,True
ESTM,ESTM | Seebeck coefficient,Seebeck coefficient,0,42,0.0969516714556205,0.1228519434537916,0.025900271998171104,True
ESTM,ESTM | Seebeck coefficient,Seebeck coefficient,0,83,0.0627242406946725,0.0836145338112481,0.0208902931165756,True
ESTM,ESTM | Seebeck coefficient,Seebeck coefficient,0,99,0.0661463270853507,0.0738292791788108,0.007682952093460094,True
ESTM,ESTM | Seebeck coefficient,Seebeck coefficient,0,134,0.0785343358871851,0.1070600801964099,0.028525744309224804,True
ESTM,ESTM | Seebeck coefficient,Seebeck coefficient,0,178,0.0926872835109221,0.120427073161111,0.02773978965018889,True
ESTM,ESTM | Seebeck coefficient,Seebeck coefficient,0,237,0.0540228013979258,0.0965587697003981,0.042535968302472305,True
ESTM,ESTM | Seebeck coefficient,Seebeck coefficient,0,325,0.0833508002380279,0.127344184452036,0.043993384214008086,True
ESTM,ESTM | Seebeck coefficient,Seebeck coefficient,0,365,0.0719599522454933,0.1258073287173035,0.05384737647181019,True
ESTM,ESTM | Seebeck coefficient,Seebeck coefficient,0,421,0.0930007637252908,0.1194037531607862,0.026402989435495405,True
ESTM,ESTM | Seebeck coefficient,Seebeck coefficient,0,482,0.0946388023986397,0.1173661421801823,0.022727339781542608,True
ESTM,ESTM | Seebeck coefficient,Seebeck coefficient,0,540,0.0678263830019522,0.0940631709559649,0.0262367879540127,True
ESTM,ESTM | Seebeck coefficient,Seebeck coefficient,0,639,0.1007547943614802,0.1180484877559049,0.0172936933944247,True
ESTM,ESTM | Seebeck coefficient,Seebeck coefficient,0,673,0.0830591145138486,0.1112655523362684,0.0282064378224198,True
ESTM,ESTM | Seebeck coefficient,Seebeck coefficient,0,757,0.0781648058210383,0.093742361078586,0.015577555257547698,True
ESTM,ESTM | Seebeck coefficient,Seebeck coefficient,0,860,0.0677096392466156,0.121744391333391,0.0540347520867754,True
ESTM,ESTM | Seebeck coefficient,Seebeck coefficient,0,894,0.0320494416906766,0.0524337803098571,0.0203843386191805,True
ESTM,ESTM | Seebeck coefficient,Seebeck coefficient,0,982,0.0854667985766838,0.1183154986651811,0.0328487000884973,True
ESTM,ESTM | Seebeck coefficient,Seebeck coefficient,0,1008,0.0920218467576668,0.1002664753027257,0.008244628545058905,True
ESTM,ESTM | Seebeck coefficient,Seebeck coefficient,0,1101,0.0508463034511061,0.0871045430933214,0.0362582396422153,True
ESTM,ESTM | Seebeck coefficient,Seebeck coefficient,0,1165,0.1051077998291506,0.1016172439947028,-0.003490555834447795,False
ESTM,ESTM | Seebeck coefficient,Seebeck coefficient,0,1255,0.092682251144814,0.1218451047887573,0.029162853643943304,True
ESTM,ESTM | Seebeck coefficient,Seebeck coefficient,0,1308,0.0446926887534965,0.0728394574074116,0.028146768653915098,True
ESTM,ESTM | Seebeck coefficient,Seebeck coefficient,0,1333,0.0549351379088219,0.0750861691142947,0.020151031205472805,True
ESTM,ESTM | Seebeck coefficient,Seebeck coefficient,0,1454,0.0982399569927215,0.1173623722953811,0.019122415302659596,True
ESTM,ESTM | Seebeck coefficient,Seebeck coefficient,0,1483,0.0754435214280267,0.0956930673393945,0.02024954591136781,True
ESTM,ESTM | Seebeck coefficient,Seebeck coefficient,0,1568,0.0885339865147039,0.1144003329544225,0.025866346439718607,True
ESTM,ESTM | Seebeck coefficient,Seebeck coefficient,0,1600,0.1041535323292738,0.1235709754868523,0.0194174431575785,True
ESTM,ESTM | Seebeck coefficient,Seebeck coefficient,0,1721,0.0912861847923596,0.1122395052180541,0.020953320425694505,True
ESTM,ESTM | Seebeck coefficient,Seebeck coefficient,0,1785,0.0897158155305898,0.1239616506910472,0.0342458351604574,True
ESTM,ESTM | Seebeck coefficient,Seebeck coefficient,0,1864,0.0782621352036286,0.1098610131389263,0.0315988779352977,True
ESTM,ESTM | Seebeck coefficient,Seebeck coefficient,0,1904,0.0855696095703083,0.1156459981806487,0.0300763886103404,True
ESTM,ESTM | Seebeck coefficient,Seebeck coefficient,0,1949,0.0828836080777983,0.0770717460611337,-0.005811862016664587,False
ESTM,ESTM | Seebeck coefficient,Seebeck coefficient,0,2010,0.0538325139959065,0.0833595726281375,0.02952705863223099,True
ESTM,ESTM | Seebeck coefficient,Seebeck coefficient,0,2024,0.0949241289163005,0.1104506880719886,0.015526559155688097,True
ESTM,ESTM | Seebeck coefficient,Seebeck coefficient,0,2133,0.0484274487842884,0.1004341660672993,0.05200671728301089,True
ESTM,ESTM | Seebeck coefficient,Seebeck coefficient,0,2152,0.064086313484451,0.0939312578460204,0.029844944361569398,True
ESTM,ESTM | Seebeck coefficient,Seebeck coefficient,0,2256,0.0652137361139888,0.1017393146167891,0.036525578502800304,True
ESTM,ESTM | Seebeck coefficient,Seebeck coefficient,0,2267,0.0787010092978902,0.0883891057858148,0.009688096487924597,True
ESTM,ESTM | Seebeck coefficient,Seebeck coefficient,0,2352,0.1153515359458095,0.1226414472304772,0.007289911284667688,True
ESTM,ESTM | Seebeck coefficient,Seebeck coefficient,0,2431,0.0880128391108396,0.1060451388335609,0.0180322997227213,True
ESTM,ESTM | Seebeck coefficient,Seebeck coefficient,0,2504,0.0788354698752983,0.1238976429412195,0.045062173065921196,True
ESTM,ESTM | Seebeck coefficient,Seebeck coefficient,0,2556,0.0639387651545013,0.0813520542958531,0.017413289141351804,True
ESTM,ESTM | Seebeck coefficient,Seebeck coefficient,0,2666,0.0998749507281711,0.1180413580390609,0.01816640731088981,True
ESTM,ESTM | Seebeck coefficient,Seebeck coefficient,0,2683,0.1312489999019064,0.1530755260588084,0.021826526156902004,True
ESTM,ESTM | Seebeck coefficient,Seebeck coefficient,0,2739,0.0801858793417885,0.0881693462490171,0.007983466907228592,True
ESTM,ESTM | Seebeck coefficient,Seebeck coefficient,0,2854,0.0875488152985527,0.1105581964686428,0.023009381170090104,True
ESTM,ESTM | Seebeck coefficient,Seebeck coefficient,0,2926,0.0831893170132362,0.1218465542342983,0.038657237221062096,True
ESTM,ESTM | Seebeck coefficient,Seebeck coefficient,0,3000,0.0955334766601732,0.0952123882513588,-0.00032108840881439615,False
PV,PV | $J_{\rm SC}$,$J_{\rm SC}$,5,4,0.0111821703888293,0.0004579061554645,-0.0107242642333648,False
PV,PV | $J_{\rm SC}$,$J_{\rm SC}$,5,14,0.0156102073847302,0.0011466620870619,-0.014463545297668301,False
PV,PV | $J_{\rm SC}$,$J_{\rm SC}$,5,23,-0.0002496291353324,0.0011669286641209,0.0014165577994533,True
PV,PV | $J_{\rm SC}$,$J_{\rm SC}$,5,42,0.0154058293598303,0.0014996215563093,-0.013906207803521,False
PV,PV | $J_{\rm SC}$,$J_{\rm SC}$,5,59,0.003449224857107,0.0010276999741653,-0.0024215248829416998,False
PV,PV | $J_{\rm SC}$,$J_{\rm SC}$,5,66,-0.0009923037652142,0.0005899399119171,0.0015822436771313001,True
PV,PV | $J_{\rm SC}$,$J_{\rm SC}$,5,87,-0.0011381129091085,0.0003612235000346,0.0014993364091431,True
PV,PV | $J_{\rm SC}$,$J_{\rm SC}$,5,90,0.0054124549574383,0.0014581554505793,-0.003954299506859001,False
PV,PV | $J_{\rm SC}$,$J_{\rm SC}$,5,97,0.0180907972739752,0.0016017558556752,-0.016489041418299998,False
PV,PV | $J_{\rm SC}$,$J_{\rm SC}$,5,99,0.0032230746890954,0.0014615864547073,-0.0017614882343881,False
PV,PV | $J_{\rm SC}$,$J_{\rm SC}$,5,124,0.0122954242472246,0.0012163275682965,-0.0110790966789281,False
PV,PV | $J_{\rm SC}$,$J_{\rm SC}$,5,161,0.0098204370057262,0.0015518369222828,-0.0082686000834434,False
PV,PV | $J_{\rm SC}$,$J_{\rm SC}$,5,178,0.0035270757827768,0.0011475122327072,-0.0023795635500696004,False
PV,PV | $J_{\rm SC}$,$J_{\rm SC}$,5,226,0.0137676369623734,0.0014659970921543,-0.0123016398702191,False
PV,PV | $J_{\rm SC}$,$J_{\rm SC}$,5,238,0.0017589744880916,0.0008267757964582,-0.0009321986916334,False
PV,PV | $J_{\rm SC}$,$J_{\rm SC}$,5,243,-0.0040273842354422,-0.0007094556489856,0.0033179285864566,True
PV,PV | $J_{\rm SC}$,$J_{\rm SC}$,5,266,0.0054201157744363,0.003279631967085,-0.0021404838073513003,False
PV,PV | $J_{\rm SC}$,$J_{\rm SC}$,5,356,0.0041461752336727,0.0042417879907165,9.56127570437993e-05,True
PV,PV | $J_{\rm SC}$,$J_{\rm SC}$,5,421,0.0008552039413692,0.0015294371829646,0.0006742332415954001,True
PV,PV | $J_{\rm SC}$,$J_{\rm SC}$,5,431,-0.000346945712664,0.0008603922501481,0.0012073379628121,True
PV,PV | $J_{\rm SC}$,$J_{\rm SC}$,5,482,0.013991826252628,0.00139297204925,-0.012598854203378002,False
PV,PV | $J_{\rm SC}$,$J_{\rm SC}$,5,488,-0.0012155240053575,0.000443485269869,0.0016590092752265,True
PV,PV | $J_{\rm SC}$,$J_{\rm SC}$,5,568,-0.0004826716281631,0.0005979335004275,0.0010806051285906,True
PV,PV | $J_{\rm SC}$,$J_{\rm SC}$,5,663,0.0032163791089636,0.001011745730115,-0.0022046333788486,False
PV,PV | $J_{\rm SC}$,$J_{\rm SC}$,5,679,-0.0031042141216965,-0.0001163638691481,0.0029878502525484004,True
PV,PV | $J_{\rm SC}$,$J_{\rm SC}$,5,703,0.0020195292873102,0.0019174883902668,-0.00010204089704339992,False
PV,PV | $J_{\rm SC}$,$J_{\rm SC}$,5,922,0.0023224099030218,0.0016832641440091,-0.0006391457590126997,False
PV,PV | $J_{\rm SC}$,$J_{\rm SC}$,5,923,0.0007812952684406,0.0001823794867924,-0.0005989157816482,False
PV,PV | $J_{\rm SC}$,$J_{\rm SC}$,5,938,-0.003954933627669,0.0007551671858226,0.0047101008134916,True
PV,PV | $J_{\rm SC}$,$J_{\rm SC}$,5,993,0.0151715817171745,0.0020451225064408,-0.013126459210733701,False
PV,PV | $J_{\rm SC}$,$J_{\rm SC}$,5,1024,8.101248027413167e-05,0.0015566264596926,0.0014756139794184682,True
PV,PV | $J_{\rm SC}$,$J_{\rm SC}$,5,1025,0.0030611964061602,0.0020621842689141,-0.0009990121372461,False
PV,PV | $J_{\rm SC}$,$J_{\rm SC}$,5,1238,0.0032493664343997,0.003032741422406,-0.00021662501199369967,False
PV,PV | $J_{\rm SC}$,$J_{\rm SC}$,5,1273,0.0126775046282514,0.0004873069451743,-0.0121901976830771,False
PV,PV | $J_{\rm SC}$,$J_{\rm SC}$,5,1321,0.0160568904754104,0.0158635490494645,-0.00019334142594589973,False
PV,PV | $J_{\rm SC}$,$J_{\rm SC}$,5,1346,0.0042317347657107,0.0012166933560159,-0.0030150414096947998,False
PV,PV | $J_{\rm SC}$,$J_{\rm SC}$,5,1503,-0.0038066686841954,-0.0012249064165359,0.0025817622676595,True
PV,PV | $J_{\rm SC}$,$J_{\rm SC}$,5,1674,0.0142793437154797,0.0167380022003341,0.0024586584848543987,True
PV,PV | $J_{\rm SC}$,$J_{\rm SC}$,5,1707,-0.0010341940535396,0.0006196233582013,0.0016538174117409002,True
PV,PV | $J_{\rm SC}$,$J_{\rm SC}$,5,1790,-0.0007220284431771,0.0004460151632826,0.0011680436064597,True
PV,PV | $J_{\rm SC}$,$J_{\rm SC}$,5,1863,0.0004721092355392,0.0014900124066096,0.0010179031710704,True
PV,PV | $J_{\rm SC}$,$J_{\rm SC}$,5,1982,-0.0010434605861394,0.0011841892824678,0.0022276498686072,True
PV,PV | $J_{\rm SC}$,$J_{\rm SC}$,5,2024,-0.0010714798298272,-0.001105613360714,-3.413353088680001e-05,False
PV,PV | $J_{\rm SC}$,$J_{\rm SC}$,5,2311,-0.0010295348901987,0.0010145281196794,0.0020440630098781,True
PV,PV | $J_{\rm SC}$,$J_{\rm SC}$,5,2325,0.0041492957152638,0.0026080805345482,-0.0015412151807156003,False
PV,PV | $J_{\rm SC}$,$J_{\rm SC}$,5,2351,0.003260136277497,0.0025268628580615,-0.0007332734194355002,False
PV,PV | $J_{\rm SC}$,$J_{\rm SC}$,5,2786,0.0052864520662463,0.001251349649724,-0.0040351024165223,False
PV,PV | $J_{\rm SC}$,$J_{\rm SC}$,5,2875,0.0169517869320265,0.0029174598037039,-0.014034327128322602,False
PV,PV | $J_{\rm SC}$,$J_{\rm SC}$,5,2932,0.0164839281086446,0.0015334995320207,-0.014950428576623898,False
PV,PV | $J_{\rm SC}$,$J_{\rm SC}$,5,2977,0.0040122616236372,0.0032767423929173,-0.0007355192307198998,False
PV,PV | $V_{\rm OC}$,$V_{\rm OC}$,7,4,0.0002376148368998,0.0002621400553898,2.4525218490000004e-05,True
PV,PV | $V_{\rm OC}$,$V_{\rm OC}$,7,14,0.000773265651645,0.0006737289595151,-9.953669212989995e-05,False
PV,PV | $V_{\rm OC}$,$V_{\rm OC}$,7,23,-0.0008849220034733,0.0001683730186896,0.0010532950221629,True
PV,PV | $V_{\rm OC}$,$V_{\rm OC}$,7,42,-0.0002719546330638,0.0003355365030139,0.0006074911360777,True
PV,PV | $V_{\rm OC}$,$V_{\rm OC}$,7,59,0.0005039270977527,0.0007972254176291,0.0002932983198764,True
PV,PV | $V_{\rm OC}$,$V_{\rm OC}$,7,66,-0.0011189410972823,0.0003685032414332,0.0014874443387155002,True
PV,PV | $V_{\rm OC}$,$V_{\rm OC}$,7,87,0.0001958913121845,0.0002868128517687,9.092153958420001e-05,True
PV,PV | $V_{\rm OC}$,$V_{\rm OC}$,7,90,-1.6036292344863416e-05,0.0003371450555028,0.0003531813478476634,True
PV,PV | $V_{\rm OC}$,$V_{\rm OC}$,7,97,-0.0001427900156818,0.000698529341523,0.0008413193572048,True
PV,PV | $V_{\rm OC}$,$V_{\rm OC}$,7,99,-0.00055832724849,0.0004228533581226,0.0009811806066126,True
PV,PV | $V_{\rm OC}$,$V_{\rm OC}$,7,124,0.0024143135539647,0.0014884916306632,-0.0009258219233015,False
PV,PV | $V_{\rm OC}$,$V_{\rm OC}$,7,161,-0.0014312190404742,0.000150852295531,0.0015820713360052,True
PV,PV | $V_{\rm OC}$,$V_{\rm OC}$,7,178,0.0005821456118688,0.0007885388981718,0.000206393286303,True
PV,PV | $V_{\rm OC}$,$V_{\rm OC}$,7,226,0.0001635697593609,0.0002422612416281,7.869148226720001e-05,True
PV,PV | $V_{\rm OC}$,$V_{\rm OC}$,7,238,0.0016823992487317,0.0012993538356824,-0.0003830454130492999,False
PV,PV | $V_{\rm OC}$,$V_{\rm OC}$,7,243,-0.001010247755062,0.0001567068571591,0.0011669546122211,True
PV,PV | $V_{\rm OC}$,$V_{\rm OC}$,7,266,0.0011008646223875,0.0008600112248838,-0.00024085339750370006,False
PV,PV | $V_{\rm OC}$,$V_{\rm OC}$,7,356,0.0005613340416891,0.0008104299836494,0.0002490959419603,True
PV,PV | $V_{\rm OC}$,$V_{\rm OC}$,7,421,0.0001503905026316,0.0009922142727125,0.0008418237700809001,True
PV,PV | $V_{\rm OC}$,$V_{\rm OC}$,7,431,0.0012036690589262,0.0009058150140059,-0.00029785404492029997,False
PV,PV | $V_{\rm OC}$,$V_{\rm OC}$,7,482,-0.000154321052554,0.0007397523064881,0.0008940733590421,True
PV,PV | $V_{\rm OC}$,$V_{\rm OC}$,7,488,0.0011966267029354,0.000829586186402,-0.00036704051653340015,False
PV,PV | $V_{\rm OC}$,$V_{\rm OC}$,7,568,0.0007901067403878,0.0013270629438299,0.0005369562034421001,True
PV,PV | $V_{\rm OC}$,$V_{\rm OC}$,7,663,0.0005775877917816,0.0006767037241378,9.911593235620005e-05,True
PV,PV | $V_{\rm OC}$,$V_{\rm OC}$,7,679,0.0001086390086435,0.0007797205028506,0.0006710814942071001,True
PV,PV | $V_{\rm OC}$,$V_{\rm OC}$,7,703,0.000350662001214,0.0005949755184173,0.00024431351720329995,True
PV,PV | $V_{\rm OC}$,$V_{\rm OC}$,7,922,-0.0002653110991635,0.0003960404613791,0.0006613515605426,True
PV,PV | $V_{\rm OC}$,$V_{\rm OC}$,7,923,-0.0009305762133543,1.5618168713747063e-05,0.000946194382068047,True
PV,PV | $V_{\rm OC}$,$V_{\rm OC}$,7,938,0.0009964122127063,0.0015557537682676,0.0005593415555613,True
PV,PV | $V_{\rm OC}$,$V_{\rm OC}$,7,993,-3.6675147364763e-05,0.0002777792512809,0.00031445439864566296,True
PV,PV | $V_{\rm OC}$,$V_{\rm OC}$,7,1024,0.00036267662653,0.0009331399531638,0.0005704633266338,True
PV,PV | $V_{\rm OC}$,$V_{\rm OC}$,7,1025,0.0008528476540816,0.0011381060852585,0.0002852584311769,True
PV,PV | $V_{\rm OC}$,$V_{\rm OC}$,7,1238,0.001875120795652,0.0015326153915911,-0.0003425054040609001,False
PV,PV | $V_{\rm OC}$,$V_{\rm OC}$,7,1273,-0.0005235246561658,0.0005515548684545,0.0010750795246203,True
PV,PV | $V_{\rm OC}$,$V_{\rm OC}$,7,1321,-0.001101730813473,0.0002421037954075,0.0013438346088805002,True
PV,PV | $V_{\rm OC}$,$V_{\rm OC}$,7,1346,0.0002860548045148,0.0004958785984161,0.00020982379390130005,True
PV,PV | $V_{\rm OC}$,$V_{\rm OC}$,7,1503,-0.0025853735611782,0.0006134146359396,0.0031987881971178,True
PV,PV | $V_{\rm OC}$,$V_{\rm OC}$,7,1674,0.0005457539952649,0.0005536536048803,7.899609615400057e-06,True
PV,PV | $V_{\rm OC}$,$V_{\rm OC}$,7,1707,-0.0013348279252736,0.0006871287324092,0.0020219566576828,True
PV,PV | $V_{\rm OC}$,$V_{\rm OC}$,7,1790,0.0006824406936528,0.0012323205540177,0.0005498798603649001,True
PV,PV | $V_{\rm OC}$,$V_{\rm OC}$,7,1863,0.0017616469974726,0.0011045117120667,-0.0006571352854059,False
PV,PV | $V_{\rm OC}$,$V_{\rm OC}$,7,1982,-0.0012976785207115,2.5283259182577952e-05,0.001322961779894078,True
PV,PV | $V_{\rm OC}$,$V_{\rm OC}$,7,2024,0.0003748303791666,0.0004951749895705,0.00012034461040389999,True
PV,PV | $V_{\rm OC}$,$V_{\rm OC}$,7,2311,0.0011632519105727,0.0010664587454425,-9.679316513020006e-05,False
PV,PV | $V_{\rm OC}$,$V_{\rm OC}$,7,2325,0.0009066978404716,0.0004773247253694,-0.0004293731151022,False
PV,PV | $V_{\rm OC}$,$V_{\rm OC}$,7,2351,0.000984320363956,0.0008375934252652,-0.00014672693869080002,False
PV,PV | $V_{\rm OC}$,$V_{\rm OC}$,7,2786,6.47770127988498e-05,0.0002960943879077,0.0002313173751088502,True
PV,PV | $V_{\rm OC}$,$V_{\rm OC}$,7,2875,-0.0013713693462424,0.0002941942406962,0.0016655635869386,True
PV,PV | $V_{\rm OC}$,$V_{\rm OC}$,7,2932,0.0006083092564943,0.0008402389714168,0.00023192971492249997,True
PV,PV | $V_{\rm OC}$,$V_{\rm OC}$,7,2977,0.0002365949565027,0.0004139417549923,0.00017734679848959998,True
PV,PV | FF,FF,4,4,0.0032594543089652,0.0034001561516986,0.0001407018427334,True
PV,PV | FF,FF,4,14,-0.0010033124131117,0.0009345165187008,0.0019378289318125,True
PV,PV | FF,FF,4,23,0.0021636543816874,0.00367714062433,0.0015134862426426,True
PV,PV | FF,FF,4,42,0.0049072647810873,0.0037764041693759,-0.0011308606117113994,False
PV,PV | FF,FF,4,59,0.000431142177603,0.0020178225078888,0.0015866803302857998,True
PV,PV | FF,FF,4,66,0.0023714949535614,0.0032892227196829,0.0009177277661215001,True
PV,PV | FF,FF,4,87,0.0017625039067995,0.0031335637021298,0.0013710597953302999,True
PV,PV | FF,FF,4,90,0.0076466247488571,0.0055330346487819,-0.0021135901000752,False
PV,PV | FF,FF,4,97,0.0012234108103358,0.0027937278544879,0.0015703170441520998,True
PV,PV | FF,FF,4,99,0.0002943277456251,0.0027233048116236,0.0024289770659985,True
PV,PV | FF,FF,4,124,0.001411079480696,0.0042493445715255,0.0028382650908295,True
PV,PV | FF,FF,4,161,0.0065097334960319,0.0041945467304903,-0.0023151867655416,False
PV,PV | FF,FF,4,178,0.0056476668061158,0.0045830314838125,-0.0010646353223033,False
PV,PV | FF,FF,4,226,0.0049933992098941,0.0042029814073187,-0.0007904178025754001,False
PV,PV | FF,FF,4,238,0.0062934902915821,0.0044873276343304,-0.0018061626572517002,False
PV,PV | FF,FF,4,243,0.0052067782995325,0.0045962252095763,-0.0006105530899562003,False
PV,PV | FF,FF,4,266,0.0041184992685383,0.0043374000366724,0.0002189007681340999,True
PV,PV | FF,FF,4,356,0.0048647311349118,0.0040159790881199,-0.0008487520467919006,False
PV,PV | FF,FF,4,421,0.0092386242517851,0.0074962935467301,-0.0017423307050550008,False
PV,PV | FF,FF,4,431,0.0033888748509726,0.0037361731771583,0.00034729832618569977,True
PV,PV | FF,FF,4,482,0.0016761360312919,0.0026305381262298,0.0009544020949379,True
PV,PV | FF,FF,4,488,0.0013925002370558,0.0031071851499438,0.0017146849128880002,True
PV,PV | FF,FF,4,568,0.011061383361738,0.008586886950711,-0.0024744964110270003,False
PV,PV | FF,FF,4,663,0.0032709962297238,0.0033009780754409,2.9981845717100188e-05,True
PV,PV | FF,FF,4,679,0.0032074319432142,0.0041382399011552,0.000930807957941,True
PV,PV | FF,FF,4,703,0.0062764329505661,0.0053600863148949,-0.0009163466356711999,False
PV,PV | FF,FF,4,922,0.0066287486368921,0.0047225492241456,-0.0019061994127465,False
PV,PV | FF,FF,4,923,0.0023990750596627,0.0027526821586838,0.0003536070990210996,True
PV,PV | FF,FF,4,938,0.0017191717413305,0.0031077633129904,0.0013885915716599,True
PV,PV | FF,FF,4,993,0.0026243442186311,0.0038022829877094,0.0011779387690783,True
PV,PV | FF,FF,4,1024,0.0044243404107936,0.0039023017646362,-0.0005220386461574004,False
PV,PV | FF,FF,4,1025,0.0048656426110943,0.0048754756258642,9.833014769899603e-06,True
PV,PV | FF,FF,4,1238,0.0046203814157596,0.0043071690025568,-0.0003132124132028003,False
PV,PV | FF,FF,4,1273,0.0076171159840313,0.005553315697525,-0.0020638002865062998,False
PV,PV | FF,FF,4,1321,0.0025526782726161,0.0028816646365632,0.0003289863639471002,True
PV,PV | FF,FF,4,1346,-0.0011819323368172,0.0016823204853563,0.0028642528221734997,True
PV,PV | FF,FF,4,1503,6.224492766776088e-05,0.0024037399926679,0.0023414950650001392,True
PV,PV | FF,FF,4,1674,0.0016604272872575,0.0025010141851552,0.0008405868978976999,True
PV,PV | FF,FF,4,1707,0.0005355647261487,0.0030604352593348,0.0025248705331861,True
PV,PV | FF,FF,4,1790,0.0036489836324323,0.0036439162768036,-5.067355628699758e-06,False
PV,PV | FF,FF,4,1863,0.0036505935695078,0.0038975162456608,0.000246922676153,True
PV,PV | FF,FF,4,1982,0.0010170257232319,0.0026355303389899,0.0016185046157580001,True
PV,PV | FF,FF,4,2024,0.0027345592976351,0.0032434586049236,0.0005088993072885004,True
PV,PV | FF,FF,4,2311,0.0018148404066034,0.0019794961353491,0.00016465572874569995,True
PV,PV | FF,FF,4,2325,0.0019187987520624,0.0028585418018969,0.0009397430498345001,True
PV,PV | FF,FF,4,2351,0.0029070380305331,0.0031608473786548,0.0002538093481216997,True
PV,PV | FF,FF,4,2786,0.0018995523086877,0.0027212790481892,0.0008217267395015,True
PV,PV | FF,FF,4,2875,0.0057216679215873,0.0048232255294575,-0.0008984423921298001,False
PV,PV | FF,FF,4,2932,0.0012614149189551,0.0029197111862577,0.0016582962673026,True
PV,PV | FF,FF,4,2977,0.0098809365304818,0.0075293904645935,-0.0023515460658883004,False
PV,PV | PCE,PCE,6,4,0.0037940255429943,0.0098741547309706,0.0060801291879762995,True
PV,PV | PCE,PCE,6,14,0.0005618884213557,0.0097232428532427,0.009161354431887,True
PV,PV | PCE,PCE,6,23,0.0125723832899783,0.0132200904311264,0.000647707141148101,True
PV,PV | PCE,PCE,6,42,0.0005484635516427,-0.0045341209588303,-0.005082584510473,False
PV,PV | PCE,PCE,6,59,0.007126823933665,0.0086860328515143,0.0015592089178492995,True
PV,PV | PCE,PCE,6,66,0.0133683110260529,0.0143231585024179,0.0009548474763649995,True
PV,PV | PCE,PCE,6,87,0.0044627678893954,0.005758311624202,0.0012955437348066007,True
PV,PV | PCE,PCE,6,90,0.0136723068755518,0.0140410796799959,0.0003687728044440997,True
PV,PV | PCE,PCE,6,97,-0.0026781659812239,0.0057239854113542,0.0084021513925781,True
PV,PV | PCE,PCE,6,99,0.0144013739051338,0.0137141458387824,-0.0006872280663513999,False
PV,PV | PCE,PCE,6,124,0.0047328305890843,0.0138734937782571,0.0091406631891728,True
PV,PV | PCE,PCE,6,161,0.0089177517582291,0.0171080315986771,0.008190279840448,True
PV,PV | PCE,PCE,6,178,0.0099436794839811,0.0113543413517616,0.001410661867780499,True
PV,PV | PCE,PCE,6,226,-0.0010038003401071,0.0059328520671935,0.006936652407300599,True
PV,PV | PCE,PCE,6,238,0.0129581888275336,0.013957181786645,0.0009989929591114003,True
PV,PV | PCE,PCE,6,243,0.0185769642945109,0.0186569174266051,7.995313209420082e-05,True
PV,PV | PCE,PCE,6,266,0.011823614846675,0.0134666082248709,0.0016429933781958988,True
PV,PV | PCE,PCE,6,356,0.0120204199595237,0.0126494489298465,0.0006290289703228015,True
PV,PV | PCE,PCE,6,421,0.0154472575416195,0.0158117998739391,0.0003645423323195996,True
PV,PV | PCE,PCE,6,431,0.011511401989001,0.0124562548294689,0.0009448528404678996,True
PV,PV | PCE,PCE,6,482,0.0077661217482633,0.0171306334405404,0.0093645116922771,True
PV,PV | PCE,PCE,6,488,0.0110408207821354,0.0113897433631905,0.00034892258105509964,True
PV,PV | PCE,PCE,6,568,0.0089826387919321,0.0099970393963527,0.0010144006044206007,True
PV,PV | PCE,PCE,6,663,0.0128717410153302,0.0132242278441904,0.00035248682886020004,True
PV,PV | PCE,PCE,6,679,0.0137906507912912,0.013715520958327,-7.512983296420125e-05,False
PV,PV | PCE,PCE,6,703,0.0111727111050144,0.0120350572010941,0.0008623460960796997,True
PV,PV | PCE,PCE,6,922,0.0113294371209569,0.0123009380273293,0.0009715009063723992,True
PV,PV | PCE,PCE,6,923,0.0114165326532619,0.0129532328971262,0.0015367002438643005,True
PV,PV | PCE,PCE,6,938,0.0185700594256791,0.018338157477958,-0.00023190194772109915,False
PV,PV | PCE,PCE,6,993,0.0109997390153138,0.017246586418479,0.006246847403165199,True
PV,PV | PCE,PCE,6,1024,0.0069407399370996,0.0076142470494282,0.0006735071123285998,True
PV,PV | PCE,PCE,6,1025,0.0177119654101999,0.0177072479965971,-4.717413602802617e-06,False
PV,PV | PCE,PCE,6,1238,0.0060780997368342,0.0077032199868507,0.0016251202500164996,True
PV,PV | PCE,PCE,6,1273,0.0097572921550713,0.0132664272668645,0.0035091351117931997,True
PV,PV | PCE,PCE,6,1321,0.0101186757871247,0.018563309802146,0.0084446340150213,True
PV,PV | PCE,PCE,6,1346,0.0121109016143722,0.0127169533001294,0.0006060516857572008,True
PV,PV | PCE,PCE,6,1503,0.011887192574306,0.0116553812950377,-0.00023181127926829963,False
PV,PV | PCE,PCE,6,1674,0.0050013530502387,-0.0006537850365135,-0.005655138086752201,False
PV,PV | PCE,PCE,6,1707,0.0081330358955635,0.0090843780844968,0.0009513421889333004,True
PV,PV | PCE,PCE,6,1790,0.0157553165972004,0.01538490741326,-0.000370409183940398,False
PV,PV | PCE,PCE,6,1863,0.0114458351769387,0.0121599128538282,0.0007140776768894998,True
PV,PV | PCE,PCE,6,1982,0.0131435573642404,0.0136941018602259,0.0005505444959854992,True
PV,PV | PCE,PCE,6,2024,0.0179900507246665,0.0177642121034498,-0.00022583862121670212,False
PV,PV | PCE,PCE,6,2311,0.0135922061657479,0.0137452367181867,0.00015303055243879975,True
PV,PV | PCE,PCE,6,2325,0.0127780225066691,0.0130038760427901,0.00022585353612099984,True
PV,PV | PCE,PCE,6,2351,0.0024569846330651,0.005850547317253,0.0033935626841879,True
PV,PV | PCE,PCE,6,2786,0.0152371211181458,0.0149596875866104,-0.00027743353153539957,False
PV,PV | PCE,PCE,6,2875,0.0074783840079459,0.0094578206415163,0.0019794366335704004,True
PV,PV | PCE,PCE,6,2932,0.0001012835735034,0.0095441194473896,0.0094428358738862,True
PV,PV | PCE,PCE,6,2977,0.0105152480032248,0.0109901580561747,0.00047491005294989994,True
