dataset,target,target_code,target_order,seed,method,method_order,RMSE_no_train_range,RMSE_train_range,log2_gain_from_train_range,percent_RMSE_change_train_range_vs_no_range,R2_no_train_range,R2_train_range,mean_weight_no_train_range,mean_weight_train_range
ESTM,Seebeck coefficient,seebeck_uV_per_K,0,4,Residual-only,1,165.9418709287783,53.297574475202794,1.638536173343595,-67.88178042293018,0.19770161463404912,0.932807778679929,,
ESTM,Seebeck coefficient,seebeck_uV_per_K,0,4,Direct,-1,53.3397676911643,53.3397676911643,0.0,0.0,0.9326732085713321,0.9326732085713321,,
ESTM,Seebeck coefficient,seebeck_uV_per_K,0,4,Physics-only,0,327.1901180805019,120.68761148405419,1.4388515842646281,-63.11391915132345,-1.8317994437051117,0.6554656103040949,,
ESTM,Seebeck coefficient,seebeck_uV_per_K,0,4,PhysicsGate,2,53.289446912684866,49.711886020707055,0.1002590207797147,-6.713450972459278,0.9328192099644536,0.9413980886385273,0.0113266506557357,0.8341532403970212
ESTM,Seebeck coefficient,seebeck_uV_per_K,0,42,Residual-only,1,88.8744413275018,53.16064595332758,0.7414099509911579,-40.184551194610705,0.8121347101977069,0.9331667686034745,,
ESTM,Seebeck coefficient,seebeck_uV_per_K,0,42,Direct,-1,54.602311069287346,54.602311069287346,0.0,0.0,0.9296895732240263,0.9296895732240263,,
ESTM,Seebeck coefficient,seebeck_uV_per_K,0,42,Physics-only,0,244.65472438064216,114.74351842865872,1.092334480314313,-53.099814966116554,-0.41299037050219994,0.6895713430022742,,
ESTM,Seebeck coefficient,seebeck_uV_per_K,0,42,PhysicsGate,2,53.758248002025645,50.14577258619744,0.10035803783348911,-6.719853325004355,0.9318196357706915,0.9406857496502065,0.07294447380057624,0.8327936944746658
ESTM,Seebeck coefficient,seebeck_uV_per_K,0,99,Residual-only,1,185.20986218029614,57.40881457505278,1.6898167511847313,-69.00337060929994,0.1385797779979353,0.9217363305963234,,
ESTM,Seebeck coefficient,seebeck_uV_per_K,0,99,Direct,-1,57.019369475603476,57.019369475603476,0.0,0.0,0.9228573810833605,0.9228573810833605,,
ESTM,Seebeck coefficient,seebeck_uV_per_K,0,99,Physics-only,0,371.83782198727243,117.1308676865245,1.6665522017032997,-68.49947456648621,-2.4403117681414583,0.6765288603032173,,
ESTM,Seebeck coefficient,seebeck_uV_per_K,0,99,PhysicsGate,2,55.968177697100565,54.1189672686612,0.04847246570302224,-3.3040390173989187,0.9254335208855173,0.9302025735900866,0.12059751338859061,0.762079305808442
ESTM,Seebeck coefficient,seebeck_uV_per_K,0,178,Residual-only,1,133.42447201220003,52.622562000968536,1.342269907403845,-60.56003729498974,0.44086563201155665,0.934549949071831,,
ESTM,Seebeck coefficient,seebeck_uV_per_K,0,178,Direct,-1,53.28534765810391,53.28534765810391,0.0,0.0,0.9328513572951441,0.9328513572951441,,
ESTM,Seebeck coefficient,seebeck_uV_per_K,0,178,Physics-only,0,307.4723821031568,114.67590452888938,1.422894542982026,-62.703673173997245,-1.5644684315925976,0.6891405081267598,,
ESTM,Seebeck coefficient,seebeck_uV_per_K,0,178,PhysicsGate,2,52.46147628076125,49.03150622447756,0.09754932481242651,-6.538073839034397,0.9348952250606781,0.9432065897224762,0.08152141339645173,0.8775390940882412
ESTM,Seebeck coefficient,seebeck_uV_per_K,0,2024,Residual-only,1,181.59251767399044,50.671926712924346,1.8414461681276304,-72.09580694073823,0.047092797551473,0.9393689572348484,,
ESTM,Seebeck coefficient,seebeck_uV_per_K,0,2024,Direct,-1,52.05476162709838,52.05476162709838,0.0,0.0,0.9361323816059707,0.9361323816059707,,
ESTM,Seebeck coefficient,seebeck_uV_per_K,0,2024,Physics-only,0,274.87411993749544,116.66216637969343,1.2364343101155637,-57.55796638613281,-0.7861114310115509,0.6787078491566918,,
ESTM,Seebeck coefficient,seebeck_uV_per_K,0,2024,PhysicsGate,2,51.451073237322156,48.217299241532515,0.09365032651587853,-6.285143909192337,0.9375789568129038,0.9451950410872243,0.06931555108163157,0.8310065735236668
ESTM,ZT,ZT,1,4,Residual-only,1,0.10350630179252286,0.10350630179252286,0.0,0.0,0.9104694039943855,0.9104694039943855,,
ESTM,ZT,ZT,1,4,Direct,-1,0.11362075596897292,0.11362075596897292,0.0,0.0,0.8921665628457228,0.8921665628457228,,
ESTM,ZT,ZT,1,4,Physics-only,0,0.1534210871921997,0.1534210871921997,0.0,0.0,0.8037546944142084,0.8037546944142084,,
ESTM,ZT,ZT,1,4,PhysicsGate,2,0.10260969324750346,0.10260969324750346,0.0,0.0,0.911944175605366,0.911944175605366,0.7260805207715926,0.7260805207715926
ESTM,ZT,ZT,1,42,Residual-only,1,0.10536541690385474,0.10536541690385474,0.0,0.0,0.9072001416774033,0.9072001416774033,,
ESTM,ZT,ZT,1,42,Direct,-1,0.11435395236862915,0.11435395236862915,0.0,0.0,0.8912040044638859,0.8912040044638859,,
ESTM,ZT,ZT,1,42,Physics-only,0,0.15505782755036224,0.15505782755036224,0.0,0.0,0.8004115305375277,0.8004115305375277,,
ESTM,ZT,ZT,1,42,PhysicsGate,2,0.10357720352350457,0.10357720352350457,0.0,0.0,0.9103088844578143,0.9103088844578143,0.8103861535872149,0.8103861535872149
ESTM,ZT,ZT,1,99,Residual-only,1,0.1054429407463215,0.1054429407463215,0.0,0.0,0.9076434531856975,0.9076434531856975,,
ESTM,ZT,ZT,1,99,Direct,-1,0.1124015126926825,0.1124015126926825,0.0,0.0,0.8949335090291953,0.8949335090291953,,
ESTM,ZT,ZT,1,99,Physics-only,0,0.154832776923404,0.154832776923404,0.0,0.0,0.8012956776440538,0.8012956776440538,,
ESTM,ZT,ZT,1,99,PhysicsGate,2,0.10184587406610009,0.10184587406610009,0.0,0.0,0.9138364714000583,0.9138364714000583,0.8090039941244566,0.8090039941244566
ESTM,ZT,ZT,1,178,Residual-only,1,0.10352558343370843,0.10352558343370843,0.0,0.0,0.9111747397229822,0.9111747397229822,,
ESTM,ZT,ZT,1,178,Direct,-1,0.11317497198091613,0.11317497198091613,0.0,0.0,0.8938524802456737,0.8938524802456737,,
ESTM,ZT,ZT,1,178,Physics-only,0,0.15161667491914085,0.15161667491914085,0.0,0.0,0.8094954089279144,0.8094954089279144,,
ESTM,ZT,ZT,1,178,PhysicsGate,2,0.10195612347700146,0.10195612347700146,0.0,0.0,0.9138578700155389,0.9138578700155389,0.8186141524021847,0.8186141524021847
ESTM,ZT,ZT,1,2024,Residual-only,1,0.10546123029552364,0.10546123029552364,0.0,0.0,0.9070669296029658,0.9070669296029658,,
ESTM,ZT,ZT,1,2024,Direct,-1,0.1137999425360538,0.1137999425360538,0.0,0.0,0.8922949499097204,0.8922949499097204,,
ESTM,ZT,ZT,1,2024,Physics-only,0,0.1567549855587259,0.1567549855587259,0.0,0.0,0.7955579649339505,0.7955579649339505,,
ESTM,ZT,ZT,1,2024,PhysicsGate,2,0.10148673673482483,0.10148673673482483,0.0,0.0,0.9141134425488314,0.9141134425488314,0.8211534043665042,0.8211534043665042
ESTM,log10 electrical conductivity,log10_electrical_conductivity,2,4,Residual-only,1,4.21596896661173,0.3270208250899241,3.688409831096023,-92.24328196721186,-22.9591431873734,0.8799358974127918,,
ESTM,log10 electrical conductivity,log10_electrical_conductivity,2,4,Direct,-1,0.325951448228421,0.325951448228421,0.0,0.0,0.882274330477002,0.882274330477002,,
ESTM,log10 electrical conductivity,log10_electrical_conductivity,2,4,Physics-only,0,58.92117343738526,1.0423771288055865,5.820836922719491,-98.23089550327217,-3836.61229247542,-0.21723228551208348,,
ESTM,log10 electrical conductivity,log10_electrical_conductivity,2,4,PhysicsGate,2,0.32578156839693734,0.3064767475570196,0.08812736288828601,-5.925694610321375,0.8823910984724413,0.8948039712210631,0.0008543379358339,0.6974979552993744
ESTM,log10 electrical conductivity,log10_electrical_conductivity,2,42,Residual-only,1,3.0985680013851797,0.28665628699658136,3.434207804201008,-90.7487495233787,-13.453377215338485,0.9093517030668625,,
ESTM,log10 electrical conductivity,log10_electrical_conductivity,2,42,Direct,-1,0.3041716060817904,0.3041716060817904,0.0,0.0,0.8980604838952106,0.8980604838952106,,
ESTM,log10 electrical conductivity,log10_electrical_conductivity,2,42,Physics-only,0,58.982551121849866,1.0602790415785217,5.797772318670067,-98.20238524544635,-3836.6247540069585,-0.26177752831219814,,
ESTM,log10 electrical conductivity,log10_electrical_conductivity,2,42,PhysicsGate,2,0.30387705991084274,0.2754833764569733,0.1415225033600601,-9.34380616365057,0.8982615698703517,0.9164123207832642,0.0072147496787594995,0.6849638401099597
ESTM,log10 electrical conductivity,log10_electrical_conductivity,2,99,Residual-only,1,1.4251852128121107,0.2777498889643029,2.359291179815322,-80.51131274255509,-1.7887718695507402,0.9141121530936692,,
ESTM,log10 electrical conductivity,log10_electrical_conductivity,2,99,Direct,-1,0.30900672799066714,0.30900672799066714,0.0,0.0,0.8939078046147136,0.8939078046147136,,
ESTM,log10 electrical conductivity,log10_electrical_conductivity,2,99,Physics-only,0,54.468368130278634,1.018330781510237,5.741140475543416,-98.13041804543406,-3282.675999779785,-0.14865440765194393,,
ESTM,log10 electrical conductivity,log10_electrical_conductivity,2,99,PhysicsGate,2,0.3083841635889591,0.27100752181963106,0.18639578646120886,-12.120156020445606,0.8943386675297958,0.9181738675571411,0.0058872810671879265,0.7886550538659942
ESTM,log10 electrical conductivity,log10_electrical_conductivity,2,178,Residual-only,1,3.133228900698716,0.3034249738669968,3.3682384320146603,-90.31590147150332,-10.114868235479026,0.8985812095726876,,
ESTM,log10 electrical conductivity,log10_electrical_conductivity,2,178,Direct,-1,0.31408906734609593,0.31408906734609593,0.0,0.0,0.8913138676667117,0.8913138676667117,,
ESTM,log10 electrical conductivity,log10_electrical_conductivity,2,178,Physics-only,0,57.62944534564148,1.039892846451856,5.792299352885472,-98.19555291532838,-3704.7974122040196,-0.23230257400537627,,
ESTM,log10 electrical conductivity,log10_electrical_conductivity,2,178,PhysicsGate,2,0.31409142718808175,0.2849416392239886,0.1405181049571599,-9.28066971615813,0.8913125561723408,0.9105619245495692,0.0013067112875781,0.7914713727104052
ESTM,log10 electrical conductivity,log10_electrical_conductivity,2,2024,Residual-only,1,3.1644907410337844,0.3053587056043768,3.373396465271555,-90.35046297829832,-11.833855579509569,0.8950816769312668,,
ESTM,log10 electrical conductivity,log10_electrical_conductivity,2,2024,Direct,-1,0.30017098971036255,0.30017098971036255,0.0,0.0,0.9007835449659978,0.9007835449659978,,
ESTM,log10 electrical conductivity,log10_electrical_conductivity,2,2024,Physics-only,0,59.20836708457163,1.0735640987636046,5.785320828866691,-98.1868034002185,-3865.799637697683,-0.27712956818142254,,
ESTM,log10 electrical conductivity,log10_electrical_conductivity,2,2024,PhysicsGate,2,0.29865283021958783,0.2677793667235997,0.15742459314673157,-10.337576065590293,0.9017793339890877,0.9210058222229249,0.025198949761942434,0.77343479579055
ESTM,log10 thermal conductivity,log10_thermal_conductivity,3,4,Residual-only,1,3.4608766069599617,0.08015516632998514,5.432198183782697,-97.68396347420217,-84.6761822966727,0.9566316922932913,,
ESTM,log10 thermal conductivity,log10_thermal_conductivity,3,4,Direct,-1,0.08273160197590236,0.08273160197590236,0.0,0.0,0.9536138404824134,0.9536138404824134,,
ESTM,log10 thermal conductivity,log10_thermal_conductivity,3,4,Physics-only,0,58.916698131586024,0.4229920284894495,7.1219022942149595,-99.2820506886779,-23350.149801712443,-0.20431735511918003,,
ESTM,log10 thermal conductivity,log10_thermal_conductivity,3,4,PhysicsGate,2,0.08325442404690184,0.07575367405883364,0.1362110763210754,-9.009431119050937,0.9530006597591659,0.9610437906058927,0.001539776274188,0.6414233852049216
ESTM,log10 thermal conductivity,log10_thermal_conductivity,3,42,Residual-only,1,1.9800149123478226,0.08070277087499676,4.616749277369374,-95.92413317840608,-40.522477594871,0.9562724809938103,,
ESTM,log10 thermal conductivity,log10_thermal_conductivity,3,42,Direct,-1,0.08661658518188213,0.08661658518188213,0.0,0.0,0.949622185426006,0.949622185426006,,
ESTM,log10 thermal conductivity,log10_thermal_conductivity,3,42,Physics-only,0,58.98877488005338,0.41333226310318505,7.156994657105719,-99.29930353030106,-23362.952643402008,-0.14718670370540274,,
ESTM,log10 thermal conductivity,log10_thermal_conductivity,3,42,PhysicsGate,2,0.0866863360657749,0.07852589059453476,0.14263620638346333,-9.413762123996394,0.9495387157166671,0.9585975550796881,0.0012854224796865334,0.6186375902780212
ESTM,log10 thermal conductivity,log10_thermal_conductivity,3,99,Residual-only,1,2.745867743968631,0.08385667091841296,5.033192772023411,-96.94607757046543,-65.00280028371598,0.9526783359350387,,
ESTM,log10 thermal conductivity,log10_thermal_conductivity,3,99,Direct,-1,0.08743397832609444,0.08743397832609444,0.0,0.0,0.9487019782649879,0.9487019782649879,,
ESTM,log10 thermal conductivity,log10_thermal_conductivity,3,99,Physics-only,0,54.4861697205659,0.39834660129376226,7.095721999545261,-99.26890327703948,-19921.42028807838,-0.06483195233347021,,
ESTM,log10 thermal conductivity,log10_thermal_conductivity,3,99,PhysicsGate,2,0.08742186379463794,0.07994687826625073,0.12895243503181192,-8.550476052474298,0.9487163044931913,0.9570814592856473,0.0010044737070289999,0.6904145791643718
ESTM,log10 thermal conductivity,log10_thermal_conductivity,3,178,Residual-only,1,3.9394656755813426,0.07996707663538637,5.622450006509299,-97.97010348050347,-172.95664917413407,0.9569267786680834,,
ESTM,log10 thermal conductivity,log10_thermal_conductivity,3,178,Direct,-1,0.08613376216087863,0.08613376216087863,0.0,0.0,0.9500975801207243,0.9500975801207243,,
ESTM,log10 thermal conductivity,log10_thermal_conductivity,3,178,Physics-only,0,57.64920560325327,0.40781974116690317,7.1432253046780225,-99.29258393606747,-22432.31808056886,-0.12389280173967654,,
ESTM,log10 thermal conductivity,log10_thermal_conductivity,3,178,PhysicsGate,2,0.0967233570385399,0.07809663165137193,0.30860399246611747,-19.257732524467762,0.9354871833948096,0.958921163545127,0.0004875267998042333,0.6455627494407526
ESTM,log10 thermal conductivity,log10_thermal_conductivity,3,2024,Residual-only,1,5.712925632493483,0.07809252769870123,6.192901429295444,-98.63305541289505,-436.22276568602655,0.9590827795118942,,
ESTM,log10 thermal conductivity,log10_thermal_conductivity,3,2024,Direct,-1,0.08534998659651237,0.08534998659651237,0.0,0.0,0.9511215189412024,0.9511215189412024,,
ESTM,log10 thermal conductivity,log10_thermal_conductivity,3,2024,Physics-only,0,59.22388923892985,0.4166320254385903,7.151261685413506,-99.29651356776358,-23563.690787364423,-0.16528534186093044,,
ESTM,log10 thermal conductivity,log10_thermal_conductivity,3,2024,PhysicsGate,2,0.08596791462021856,0.07722731539554653,0.15468708958107116,-10.167280738733142,0.9504086946256819,0.9599776662910072,0.00036592329434256675,0.6719556523865812
PV,VOC (V),Voc_V,7,243,Direct,-1,0.1105952413719043,0.1105952413719043,0.0,0.0,0.6250131132470007,0.6250131132470007,,
PV,VOC (V),Voc_V,7,243,Physics-only,0,0.4057846486207921,0.2347436700498987,0.7896280314356655,-42.150677496607834,-4.048175273736079,-0.6893941249274083,,
PV,VOC (V),Voc_V,7,243,Residual-only,1,0.1107199279693147,0.1107302900472355,-0.00013501290334655473,0.009358819239557725,0.6241671058602338,0.6240967555259969,,
PV,VOC (V),Voc_V,7,243,PhysicsGate,2,0.1105661174813489,0.1105832290678631,-0.0002232590911096498,0.015476338415409963,0.625210583571197,0.625094567237488,0.3716686954917049,0.2877381420891977
PV,JSC (mA/cm2),Jsc_mA_cm2,5,243,Direct,-1,3.595319743754429,3.595319743754429,0.0,0.0,0.5602779061642885,0.5602779061642885,,
PV,JSC (mA/cm2),Jsc_mA_cm2,5,243,Physics-only,0,9.478370263552913,4.290805685960921,1.1433904511140742,-54.73055423398772,-2.056121301062338,0.3737021182773347,,
PV,JSC (mA/cm2),Jsc_mA_cm2,5,243,Residual-only,1,3.6040329182890174,3.6069146645616272,-0.0011531026207455813,0.0799589331713868,0.5581440108511404,0.5574371216834082,,
PV,JSC (mA/cm2),Jsc_mA_cm2,5,243,PhysicsGate,2,3.595177210180608,3.5970283608235616,-0.0007426500494555622,0.051489830256801206,0.560312770334174,0.5598598653477489,0.2882292926718398,0.5191668753145585
PV,FF,FF_fraction,4,243,Direct,-1,0.0895343104227999,0.0895343104227999,0.0,0.0,0.4497347172948001,0.4497347172948001,,
PV,FF,FF_fraction,4,243,Physics-only,0,3.8940614274525975,0.180124750591321,4.434207304350919,-95.37437315905018,-1039.875348704364,-1.227100995032309,,
PV,FF,FF_fraction,4,243,Residual-only,1,0.0892255857113683,0.0892237593740934,2.9530483603755694e-05,-0.0020468761962599835,0.4535229322477574,0.4535453034368353,,
PV,FF,FF_fraction,4,243,PhysicsGate,2,0.0892521718980363,0.0892535520842461,-2.2309512053598124e-05,0.00154638949443342,0.4531972206090533,0.4531803090768228,0.4462466241633383,0.4409337812274306
PV,PCE_percent,PCE_percent,6,243,Direct,-1,3.07982395929541,3.07982395929541,0.0,0.0,0.645611441077252,0.645611441077252,,
PV,PCE_percent,PCE_percent,6,243,Physics-only,0,3.169667037106669,3.169667037106669,0.0,0.0,0.6246337746942847,0.6246337746942847,,
PV,PCE_percent,PCE_percent,6,243,Residual-only,1,3.047369278819593,3.047369278819593,0.0,0.0,0.6530410648338831,0.6530410648338831,,
PV,PCE_percent,PCE_percent,6,243,PhysicsGate,2,3.0402521302672274,3.0402521302672274,0.0,0.0,0.6546598215103543,0.6546598215103543,0.7067767464220089,0.7067767464220089
PV,VOC (V),Voc_V,7,938,Direct,-1,0.1127242287343609,0.1127242287343609,0.0,0.0,0.6274855378582616,0.6274855378582616,,
PV,VOC (V),Voc_V,7,938,Physics-only,0,0.5119862175247991,0.2800482455060963,0.8704295840713366,-45.30160462912626,-6.684668419761638,-1.2991870535792116,,
PV,VOC (V),Voc_V,7,938,Residual-only,1,0.1126416130183995,0.1126571529943416,-0.00019901969868297718,0.013795945854888636,0.6280313703136928,0.6279287300525858,,
PV,VOC (V),Voc_V,7,938,PhysicsGate,2,0.1126115505942948,0.1126027362390852,0.00011292735229903692,-0.007827221242473481,0.6282298899585219,0.6282880862189103,0.5315736167175209,0.566542311028731
PV,JSC (mA/cm2),Jsc_mA_cm2,5,938,Direct,-1,3.289975599851079,3.289975599851079,0.0,0.0,0.6213613582083202,0.6213613582083202,,
PV,JSC (mA/cm2),Jsc_mA_cm2,5,938,Physics-only,0,7.540853652671334,6.40303156423019,0.23597272932590244,-15.088770328251533,-0.9892098652437882,-0.4342037873541811,,
PV,JSC (mA/cm2),Jsc_mA_cm2,5,938,Residual-only,1,3.301553617460049,3.3009814207587724,0.00025005708887044847,-0.01733113459828628,0.6186916735437197,0.6188238322090143,,
PV,JSC (mA/cm2),Jsc_mA_cm2,5,938,PhysicsGate,2,3.288498392086884,3.288253939058474,0.00010724781905164913,-0.007433576035742462,0.6217013013809323,0.6217575415333355,0.2909935123342286,0.2889261524146534
PV,FF,FF_fraction,4,938,Direct,-1,0.0898693864344659,0.0898693864344659,0.0,0.0,0.4533194683057083,0.4533194683057083,,
PV,FF,FF_fraction,4,938,Physics-only,0,2.397667694696017,0.2028401826106972,3.5632163385131186,-91.54010444986149,-388.124018659904,-1.7849540922533031,,
PV,FF,FF_fraction,4,938,Residual-only,1,0.0898698544872507,0.089807625195843,0.0009993227182383052,-0.06924378787831476,0.4533137739080559,0.454070604289804,,
PV,FF,FF_fraction,4,938,PhysicsGate,2,0.0896865832323891,0.0896850140580522,2.524190081798208e-05,-0.0017496199323785433,0.4555412107007552,0.4555602624530891,0.3788162771828733,0.2908304491530591
PV,PCE_percent,PCE_percent,6,938,Direct,-1,3.0793079337863007,3.0793079337863007,0.0,0.0,0.6515111491911878,0.6515111491911878,,
PV,PCE_percent,PCE_percent,6,938,Physics-only,0,3.1975367070259044,3.1975367070259044,0.0,0.0,0.6242372513661139,0.6242372513661139,,
PV,PCE_percent,PCE_percent,6,938,Residual-only,1,3.044196932510755,3.044196932510755,0.0,0.0,0.6594129472829409,0.6594129472829409,,
PV,PCE_percent,PCE_percent,6,938,PhysicsGate,2,3.0404144329726197,3.0404144329726197,0.0,0.0,0.6602587992709822,0.6602587992709822,0.6539782025642289,0.6539782025642289
PV,VOC (V),Voc_V,7,1025,Direct,-1,0.1145287589367371,0.1145287589367371,0.0,0.0,0.6179642530229538,0.6179642530229538,,
PV,VOC (V),Voc_V,7,1025,Physics-only,0,0.4898380208762179,0.188201946106201,1.3800232128413183,-61.57873866762179,-5.988434126614136,-0.0316279791536702,,
PV,VOC (V),Voc_V,7,1025,Residual-only,1,0.1144329637866913,0.1144512608033603,-0.0002306582318195078,0.015989288456341733,0.6186030771328165,0.6184811020738017,,
PV,VOC (V),Voc_V,7,1025,PhysicsGate,2,0.1144491529939554,0.1144422627415962,8.685806656539522e-05,-0.006020361163849852,0.6184951545483747,0.6185410891047278,0.3957158288570999,0.4544278046263553
PV,JSC (mA/cm2),Jsc_mA_cm2,5,1025,Direct,-1,3.554485149427685,3.554485149427685,0.0,0.0,0.5752419285589495,0.5752419285589495,,
PV,JSC (mA/cm2),Jsc_mA_cm2,5,1025,Physics-only,0,14.780817405170875,4.290242087561896,1.7845950924765954,-70.97425690367429,-6.34488729441181,0.3811978269706328,,
PV,JSC (mA/cm2),Jsc_mA_cm2,5,1025,Residual-only,1,3.545915425446162,3.547087123015199,-0.0004766394135905522,0.03304358475750835,0.5772876095834735,0.5770082047744012,,
PV,JSC (mA/cm2),Jsc_mA_cm2,5,1025,PhysicsGate,2,3.550152130766781,3.549420130926654,0.00029749751227227985,-0.020618830212471018,0.576276881735563,0.5764515972222128,0.2100905221604973,0.338945215916448
PV,FF,FF_fraction,4,1025,Direct,-1,0.0910158398455962,0.0910158398455962,0.0,0.0,0.4549048618340542,0.4549048618340542,,
PV,FF,FF_fraction,4,1025,Physics-only,0,6.458245776829871,0.200879162795634,5.006742519482504,-96.88957079465256,-2743.5268504970823,-1.655266560231664,,
PV,FF,FF_fraction,4,1025,Residual-only,1,0.090803480203124,0.0907178665686334,0.001360879888423357,-0.09428452995312586,0.457445544130961,0.4584681516601518,,
PV,FF,FF_fraction,4,1025,PhysicsGate,2,0.0907988582937389,0.0907126594631482,0.0013702561281961742,-0.09493382649354842,0.4575007749152082,0.4585303165376433,0.2567208437899827,0.25210897480556
PV,PCE_percent,PCE_percent,6,1025,Direct,-1,3.124359367045185,3.124359367045185,0.0,0.0,0.6451587509064212,0.6451587509064212,,
PV,PCE_percent,PCE_percent,6,1025,Physics-only,0,3.2135571525193023,3.2135571525193023,0.0,0.0,0.6246087084264809,0.6246087084264809,,
PV,PCE_percent,PCE_percent,6,1025,Residual-only,1,3.094150720565425,3.094150720565425,0.0,0.0,0.6519873206149542,0.6519873206149542,,
PV,PCE_percent,PCE_percent,6,1025,PhysicsGate,2,3.0862462005982327,3.0862462005982327,0.0,0.0,0.6537631613162089,0.6537631613162089,0.7006922894525055,0.7006922894525055
PV,VOC (V),Voc_V,7,1790,Direct,-1,0.1158270045877122,0.1158270045877122,0.0,0.0,0.6218912029117786,0.6218912029117786,,
PV,VOC (V),Voc_V,7,1790,Physics-only,0,0.6363155763016175,0.1807178574470306,1.8160033659454542,-71.59933464187758,-10.411487011777236,0.0795519763916555,,
PV,VOC (V),Voc_V,7,1790,Residual-only,1,0.1157669795836454,0.1158059159615216,-0.0004851458947237539,0.033633405670796535,0.622282995849819,0.6220288749376588,,
PV,VOC (V),Voc_V,7,1790,PhysicsGate,2,0.1157558409607187,0.115728109775787,0.00034566234974853693,-0.023956618259213247,0.6223556771082459,0.6225365970521253,0.4226296012831019,0.5786491623826252
PV,JSC (mA/cm2),Jsc_mA_cm2,5,1790,Direct,-1,3.5098891882732417,3.5098891882732417,0.0,0.0,0.5866318840388329,0.5866318840388329,,
PV,JSC (mA/cm2),Jsc_mA_cm2,5,1790,Physics-only,0,11.591087059428885,4.263242757592848,1.4429927618130751,-63.21964682229808,-3.508151476006158,0.3901398019626975,,
PV,JSC (mA/cm2),Jsc_mA_cm2,5,1790,Residual-only,1,3.5098904774260324,3.509343487402208,0.00022485068893244326,-0.015584247638000814,0.5866315803855097,0.5867604110624216,,
PV,JSC (mA/cm2),Jsc_mA_cm2,5,1790,PhysicsGate,2,3.50492946225278,3.5046337376710244,0.00012173094832091892,-0.008437390393734034,0.5877992964305181,0.5878688514612114,0.2338859639601651,0.407602228019444
PV,FF,FF_fraction,4,1790,Direct,-1,0.0912713973215226,0.0912713973215226,0.0,0.0,0.4391468401242985,0.4391468401242985,,
PV,FF,FF_fraction,4,1790,Physics-only,0,5.029660036955745,0.2089157741100424,4.589467557383202,-95.84632415362032,-1702.1662202701268,-1.93847660338167,,
PV,FF,FF_fraction,4,1790,Residual-only,1,0.0910560122149729,0.0910491435991662,0.00010883072390233308,-0.00754328642296187,0.4417907546037933,0.4418749660719563,,
PV,FF,FF_fraction,4,1790,PhysicsGate,2,0.0910533797545412,0.0910411576262179,0.00019366647897571478,-0.013423036416937428,0.4418230301773445,0.4419728687160891,0.3754308898865107,0.3937952709756543
PV,PCE_percent,PCE_percent,6,1790,Direct,-1,3.086310551348108,3.086310551348108,0.0,0.0,0.648667985045147,0.648667985045147,,
PV,PCE_percent,PCE_percent,6,1790,Physics-only,0,3.2282367824919938,3.2282367824919938,0.0,0.0,0.6156125123051535,0.6156125123051535,,
PV,PCE_percent,PCE_percent,6,1790,Residual-only,1,3.058636318613079,3.058636318613079,0.0,0.0,0.6549403627219055,0.6549403627219055,,
PV,PCE_percent,PCE_percent,6,1790,PhysicsGate,2,3.0535729866153383,3.0535729866153383,0.0,0.0,0.6560818553249637,0.6560818553249637,0.6176796354856552,0.6176796354856552
PV,VOC (V),Voc_V,7,2024,Direct,-1,0.1105452105237742,0.1105452105237742,0.0,0.0,0.621472879937744,0.621472879937744,,
PV,VOC (V),Voc_V,7,2024,Physics-only,0,0.5103015285143746,0.2474815768490349,1.0440288317140873,-51.502873689302774,-7.06623511517183,-0.8971553170478925,,
PV,VOC (V),Voc_V,7,2024,Residual-only,1,0.1106513615846496,0.1105384227258899,0.001473271888426803,-0.1020673014252016,0.6207455694173245,0.6215193638458083,,
PV,VOC (V),Voc_V,7,2024,PhysicsGate,2,0.1105257498858365,0.1105072746960745,0.00024117721559124684,-0.016715733465799687,0.6216061418095322,0.6217326338541846,0.5194004509233625,0.4794647037486893
PV,JSC (mA/cm2),Jsc_mA_cm2,5,2024,Direct,-1,3.54574939619743,3.54574939619743,0.0,0.0,0.5669718378402386,0.5669718378402386,,
PV,JSC (mA/cm2),Jsc_mA_cm2,5,2024,Physics-only,0,9.31001963367144,4.158277190472917,1.1627982788969162,-55.33546271552721,-1.985391282180729,0.4044380563857814,,
PV,JSC (mA/cm2),Jsc_mA_cm2,5,2024,Residual-only,1,3.539199215694283,3.539329185631524,-5.297908641813193e-05,0.0036722978651315685,0.5685702546536524,0.5685385673011802,,
PV,JSC (mA/cm2),Jsc_mA_cm2,5,2024,PhysicsGate,2,3.5415055637387147,3.540548133837724,0.000390078764595019,-0.02703454459578314,0.5680077820164211,0.5682413247011949,0.2143840776765955,0.3566103353590628
PV,FF,FF_fraction,4,2024,Direct,-1,0.0888081929921107,0.0888081929921107,0.0,0.0,0.4511221666022452,0.4511221666022452,,
PV,FF,FF_fraction,4,2024,Physics-only,0,4.362553899501487,0.1903719608362319,4.518280045651722,-95.63622673274051,-1323.4977858006614,-1.5221771772171384,,
PV,FF,FF_fraction,4,2024,Residual-only,1,0.0886393101830324,0.0886507042765926,-0.00018543855780566685,0.012854447464327734,0.4532077375197886,0.4530671542365284,,
PV,FF,FF_fraction,4,2024,PhysicsGate,2,0.0886072281606652,0.0886087591957962,-2.4927963034396732e-05,0.0017278896572880953,0.4536034767681103,0.4535845943469527,0.3775611270874015,0.3846643237654101
PV,PCE_percent,PCE_percent,6,2024,Direct,-1,3.045139683727528,3.045139683727528,0.0,0.0,0.6496363899536695,0.6496363899536695,,
PV,PCE_percent,PCE_percent,6,2024,Physics-only,0,3.163826494907454,3.163826494907454,0.0,0.0,0.6217927306955906,0.6217927306955906,,
PV,PCE_percent,PCE_percent,6,2024,Residual-only,1,3.0140916756734137,3.0140916756734137,0.0,0.0,0.6567445276540647,0.6567445276540647,,
PV,PCE_percent,PCE_percent,6,2024,PhysicsGate,2,3.007874128761952,3.007874128761952,0.0,0.0,0.6581592196955868,0.6581592196955868,0.6547965816734395,0.6547965816734395
