dataset,target,target_code,target_order,method,method_order,n_seeds,seeds,log2_gain_mean,log2_gain_std,log2_gain_CI_low,log2_gain_CI_high,percent_RMSE_change_mean,percent_RMSE_change_std,train_range_win_count
ESTM,Seebeck coefficient,seebeck_uV_per_K,0,Physics-only,0,5,4;42;99;178;2024,1.371413423875966,0.21817970068813886,1.2076143441553133,1.534988499898018,-60.99496964881125,5.870980916378575,5
ESTM,Seebeck coefficient,seebeck_uV_per_K,0,Residual-only,1,5,4;42;99;178;2024,1.450695790210192,0.4358873923201659,1.0815891857009898,1.7402124023936636,-61.945109292513756,12.879635989062045,5
ESTM,Seebeck coefficient,seebeck_uV_per_K,0,PhysicsGate,2,5,4;42;99;178;2024,0.08805783512890622,0.022296466798400846,0.06788515229168687,0.09975668840776683,-5.912112212617856,1.468640179611599,5
ESTM,ZT,ZT,1,Physics-only,0,5,4;42;99;178;2024,0.0,0.0,0.0,0.0,0.0,0.0,0
ESTM,ZT,ZT,1,Residual-only,1,5,4;42;99;178;2024,0.0,0.0,0.0,0.0,0.0,0.0,0
ESTM,ZT,ZT,1,PhysicsGate,2,5,4;42;99;178;2024,0.0,0.0,0.0,0.0,0.0,0.0,0
ESTM,log10 electrical conductivity,log10_electrical_conductivity,2,Physics-only,0,5,4;42;99;178;2024,5.787473979737028,0.029128403855954985,5.762698619637158,5.809120783139045,-98.18921102193988,0.036789218833304015,5
ESTM,log10 electrical conductivity,log10_electrical_conductivity,2,Residual-only,1,5,4;42;99;178;2024,3.244708742479714,0.511997296111281,2.777095561783706,3.5613728781148573,-88.83394173658945,4.718375895721185,5
ESTM,log10 electrical conductivity,log10_electrical_conductivity,2,PhysicsGate,2,5,4;42;99;178;2024,0.14279767016268927,0.03574355741297584,0.11266583703432993,0.16844647322074935,-9.401580515233194,2.2564618636721754,5
ESTM,log10 thermal conductivity,log10_thermal_conductivity,3,Physics-only,0,5,4;42;99;178;2024,7.133821188191495,0.025115862621493335,7.11206599565285,7.151947597943294,-99.2878709999699,0.012462534164465808,5
ESTM,log10 thermal conductivity,log10_thermal_conductivity,3,Residual-only,1,5,4;42;99;178;2024,5.379498333796045,0.5968963583456561,4.931979707754588,5.813437441133558,-97.43146662329443,1.037467660898575,5
ESTM,log10 thermal conductivity,log10_thermal_conductivity,3,PhysicsGate,2,5,4;42;99;178;2024,0.17421815995670784,0.07571650866922953,0.1345926458178476,0.2422168780330558,-11.279736511744506,4.4991940353883315,5
PV,FF,FF_fraction,4,Physics-only,0,5,243;938;1025;1790;2024,4.422382753076294,0.5284166696542805,3.9452418213685596,4.7945429816900305,-95.05731985798502,2.0485440845846523,5
PV,FF,FF_fraction,4,Residual-only,1,5,243;938;1025;1790;2024,0.0004626250512724168,0.0006759500555193327,-4.059708490029784e-05,0.0010222985734224263,-0.03205280659726695,0.04683398975702572,4
PV,FF,FF_fraction,4,PhysicsGate,2,5,243;938;1025;1790;2024,0.00030838540658037527,0.0006002826497170569,-1.3846609871601528e-05,0.0008559013801059681,-0.021366440738228576,0.04158853046003324,3
PV,JSC (mA/cm2),Jsc_mA_cm2,5,Physics-only,0,5,243;938;1025;1790;2024,1.1539498627253129,0.5753544595307372,0.6588602801809713,1.5796336940784834,-51.86973820074776,21.603461372046365,5
PV,JSC (mA/cm2),Jsc_mA_cm2,5,Residual-only,1,5,243;938;1025;1790;2024,-0.00024156266859027474,0.0005875715560426356,-0.0007371780373913695,0.0001793672938375303,0.016751886711547925,0.0407397340383653,2
PV,JSC (mA/cm2),Jsc_mA_cm2,5,PhysicsGate,2,5,243;938;1025;1790;2024,3.4780998956860926e-05,0.0004506848226257404,-0.00036464096340855156,0.0003149963250217972,-0.0024069021961858894,0.031243747771080993,4
PV,PCE_percent,PCE_percent,6,Physics-only,0,5,243;938;1025;1790;2024,0.0,0.0,0.0,0.0,0.0,0.0,0
PV,PCE_percent,PCE_percent,6,Residual-only,1,5,243;938;1025;1790;2024,0.0,0.0,0.0,0.0,0.0,0.0,0
PV,PCE_percent,PCE_percent,6,PhysicsGate,2,5,243;938;1025;1790;2024,0.0,0.0,0.0,0.0,0.0,0.0,0
PV,VOC (V),Voc_V,7,Physics-only,0,5,243;938;1025;1790;2024,1.1800226052015723,0.4216698470007105,0.8728288125456183,1.5396925789498035,-54.42664582490725,12.130209107413956,5
PV,VOC (V),Voc_V,7,Residual-only,1,5,243;938;1025;1790;2024,8.468703197080187e-05,0.0007875718497248208,-0.0003578940572401587,0.000798027546955585,-0.005857968440723393,0.054568612752448196,1
PV,VOC (V),Voc_V,7,PhysicsGate,2,5,243;938;1025;1790;2024,0.00011267317861891322,0.0002146591576438304,-6.313454108773314e-05,0.00025744012024139383,-0.007808719143185261,0.01487852497814971,4
